msa,income_2010,income_2011,income_2012,income_2013,income_2014,income_2015,income_2016,income_2017,income_2018,income_2019,income_2021,income_2022,income_2023,income_2024
"Aberdeen, WA",40019.0,40993.0,42057.0,41315.0,43356.0,44122.0,49623.0,47445.0,48255.0,61026.0,54631.0,62523.0,67221.0,59619.0
"Abilene, TX",40630.0,40659.0,43407.0,44149.0,44303.0,47420.0,48016.0,51130.0,48021.0,54808.0,54037.0,62660.0,61262.0,63390.0
"Adrian, MI",45563.0,44509.0,48224.0,45938.0,46739.0,48279.0,51918.0,56515.0,55378.0,53865.0,61257.0,67267.0,63952.0,71632.0
"Aguadilla, PR",14313.0,14951.0,15339.0,15323.0,15886.0,14485.0,14546.0,16645.0,17064.0,16311.0,17926.0,19966.0,21290.0,24351.0
"Akron, OH",46521.0,47032.0,49731.0,49984.0,50538.0,51580.0,51598.0,56106.0,60019.0,57158.0,63367.0,66652.0,70125.0,71364.0
"Albany, GA",34002.0,32775.0,34469.0,34756.0,39071.0,40143.0,40667.0,43614.0,44896.0,40625.0,48659.0,48376.0,53056.0,56851.0
"Albany, NY",55796.0,58617.0,60625.0,59626.0,62265.0,63080.0,65855.0,68681.0,71301.0,73398.0,78272.0,80970.0,82410.0,86637.0
"Albany, OR",42900.0,42565.0,43489.0,45130.0,43428.0,47527.0,51310.0,51541.0,54113.0,61488.0,65196.0,67009.0,70548.0,80422.0
"Albertville, AL",39343.0,39245.0,36197.0,38116.0,33446.0,40525.0,42362.0,41476.0,47528.0,49467.0,50191.0,52678.0,60298.0,68048.0
"Albuquerque, NM",47383.0,45027.0,46725.0,48355.0,47581.0,48937.0,50954.0,50906.0,51134.0,58512.0,60070.0,66392.0,67640.0,76097.0
"Alexandria, LA",40017.0,35692.0,40896.0,39960.0,40209.0,42778.0,42136.0,40585.0,47391.0,50553.0,47032.0,56339.0,52390.0,55909.0
"Allentown, PA",55630.0,54169.0,55766.0,56543.0,60320.0,60671.0,63022.0,63944.0,65929.0,70793.0,72058.0,76041.0,81159.0,83974.0
"Altoona, PA",42990.0,43136.0,41258.0,42164.0,44019.0,45432.0,43443.0,45957.0,49942.0,51004.0,57361.0,58022.0,54002.0,66994.0
"Amarillo, TX",46390.0,47350.0,46434.0,49207.0,51280.0,51734.0,54478.0,53922.0,53087.0,53510.0,58354.0,65090.0,63994.0,69595.0
"Ames, IA",48034.0,45866.0,49489.0,50279.0,46091.0,50811.0,53371.0,60351.0,54586.0,62181.0,64569.0,68384.0,72007.0,70873.0
"Anchorage, AK",71490.0,71700.0,71494.0,76831.0,75682.0,78238.0,82203.0,76871.0,81037.0,80676.0,84476.0,95791.0,94150.0,102698.0
"Ann Arbor, MI",55880.0,56612.0,56330.0,59660.0,62845.0,61977.0,65601.0,70286.0,71860.0,76576.0,76918.0,79665.0,83754.0,90523.0
"Anniston, AL",36675.0,39037.0,39169.0,36205.0,41428.0,42346.0,41687.0,46763.0,45818.0,48156.0,46524.0,52819.0,50780.0,52719.0
"Appleton, WI",55883.0,58172.0,60166.0,58410.0,60106.0,61245.0,63902.0,65990.0,65826.0,68335.0,74331.0,78388.0,83966.0,82501.0
"Asheville, NC",42168.0,41969.0,43172.0,43916.0,46917.0,44826.0,50541.0,50015.0,52410.0,57428.0,60261.0,66023.0,67837.0,76275.0
"Athens, GA",40391.0,38663.0,38028.0,38227.0,41761.0,38643.0,43165.0,46521.0,51503.0,50962.0,59628.0,61978.0,67364.0,64951.0
"Athens, TX",36570.0,38278.0,37077.0,38493.0,41112.0,47906.0,44088.0,44971.0,42020.0,51521.0,49830.0,65283.0,59391.0,61275.0
"Atlanta, GA",53182.0,52639.0,54628.0,55733.0,56166.0,60219.0,62613.0,65381.0,69464.0,71742.0,77589.0,84876.0,86505.0,92344.0
"Atlantic City, NJ",52571.0,50829.0,51191.0,52127.0,55313.0,54052.0,56778.0,61777.0,61212.0,63389.0,66388.0,77248.0,80073.0,80806.0
"Auburn, AL",39381.0,42965.0,45043.0,46068.0,39932.0,46589.0,48056.0,52943.0,46456.0,53712.0,52424.0,58549.0,57580.0,68336.0
"Auburn, NY",49136.0,49256.0,50073.0,50154.0,53780.0,53146.0,54995.0,56599.0,52376.0,58665.0,63511.0,64031.0,66166.0,66799.0
"Augusta, GA",44477.0,45368.0,44761.0,44187.0,46689.0,49721.0,48543.0,50492.0,52696.0,55143.0,56515.0,64581.0,67152.0,72176.0
"Augusta, ME",44964.0,44259.0,46014.0,44724.0,44633.0,51335.0,51573.0,53073.0,51653.0,55389.0,60528.0,62943.0,64083.0,75259.0
"Austin, TX",55744.0,56783.0,59433.0,61750.0,63603.0,67195.0,71000.0,73800.0,76925.0,80954.0,86530.0,94604.0,98508.0,99897.0
"Bakersfield, CA",45524.0,45224.0,45910.0,46879.0,47644.0,51342.0,49903.0,49854.0,51579.0,53067.0,58217.0,66234.0,68893.0,71596.0
"Baltimore, MD",64812.0,65463.0,66970.0,68455.0,71501.0,72520.0,76788.0,77394.0,80469.0,83160.0,86302.0,90505.0,94289.0,98666.0
"Bangor, ME",42964.0,40669.0,41653.0,43598.0,42242.0,44173.0,47328.0,50349.0,47217.0,50449.0,56250.0,61134.0,66333.0,66506.0
"Barnstable Town, MA",55294.0,56699.0,59453.0,61026.0,65384.0,66102.0,67898.0,71235.0,68902.0,85042.0,83537.0,91438.0,89893.0,87925.0
"Baton Rouge, LA",48294.0,48441.0,50286.0,51134.0,52091.0,54774.0,52487.0,57401.0,57843.0,60746.0,58276.0,64222.0,64550.0,69293.0
"Battle Creek, MI",42921.0,38666.0,39190.0,44520.0,46088.0,43084.0,45902.0,45386.0,47204.0,49055.0,55192.0,59522.0,57514.0,65024.0
"Bay City, MI",45451.0,43361.0,44548.0,41281.0,46844.0,46560.0,44756.0,44770.0,50606.0,49610.0,56911.0,55134.0,58675.0,64694.0
"Beaumont, TX",41291.0,43176.0,43421.0,45019.0,42494.0,49787.0,49364.0,49875.0,50378.0,58818.0,61429.0,60067.0,62896.0,65775.0
"Beaver Dam, WI",50797.0,51948.0,50781.0,51151.0,53139.0,55832.0,55856.0,56421.0,63077.0,61300.0,65773.0,67762.0,72736.0,78548.0
"Beckley, WV",37982.0,38304.0,40705.0,36781.0,39498.0,37101.0,44178.0,42493.0,38917.0,44785.0,38737.0,52633.0,52437.0,51327.0
"Bellingham, WA",49938.0,51500.0,51458.0,50186.0,53665.0,55016.0,56411.0,61186.0,62268.0,69372.0,72055.0,79220.0,74884.0,86162.0
"Bend, OR",44680.0,46984.0,47576.0,46791.0,52006.0,57373.0,61870.0,66273.0,67577.0,71643.0,79796.0,82052.0,91658.0,95979.0
"Billings, MT",47968.0,46586.0,49255.0,52583.0,51111.0,57249.0,58037.0,58085.0,59623.0,60962.0,70018.0,78781.0,70849.0,77770.0
"Binghamton, NY",45959.0,46323.0,48140.0,46836.0,48188.0,49386.0,51360.0,50545.0,53199.0,53768.0,56968.0,63427.0,64035.0,65599.0
"Birmingham, AL",44216.0,45635.0,46763.0,48328.0,47046.0,51459.0,52226.0,53107.0,56409.0,58366.0,60725.0,67242.0,69284.0,74954.0
"Bismarck, ND",53403.0,58781.0,62028.0,64626.0,63356.0,65173.0,65527.0,66087.0,70550.0,70979.0,67793.0,77969.0,83440.0,86769.0
"Blacksburg, VA",40127.0,40947.0,42455.0,42242.0,43709.0,50947.0,50950.0,52075.0,50313.0,56092.0,54737.0,65496.0,61309.0,65518.0
"Bloomington, IL",59588.0,57799.0,62117.0,61401.0,57592.0,63842.0,61320.0,65936.0,64822.0,68784.0,69612.0,70674.0,77200.0,81240.0
"Bloomington, IN",38143.0,39330.0,38794.0,42085.0,44963.0,44376.0,43693.0,49043.0,47335.0,52526.0,52588.0,64639.0,58666.0,67243.0
"Bloomsburg, PA",42729.0,40628.0,48553.0,48007.0,49670.0,46688.0,50038.0,54137.0,50984.0,56672.0,57046.0,62314.0,63683.0,64360.0
"Bluefield, WV",31841.0,34032.0,32863.0,36047.0,36690.0,37965.0,38488.0,35964.0,39276.0,42713.0,45300.0,45643.0,43015.0,55427.0
"Boise City, ID",47237.0,45065.0,48968.0,49583.0,51826.0,51925.0,55162.0,55324.0,61407.0,66466.0,73343.0,80928.0,82526.0,88695.0
"Boston, MA",68020.0,69455.0,71738.0,72907.0,75667.0,78800.0,82380.0,85691.0,88711.0,94430.0,100750.0,104299.0,110697.0,117825.0
"Boulder, CO",61859.0,68637.0,66989.0,71604.0,71540.0,72009.0,74615.0,80834.0,83755.0,88535.0,90168.0,96079.0,95363.0,102697.0
"Bowling Green, KY",39092.0,38783.0,41140.0,46586.0,47277.0,43437.0,45649.0,46478.0,51365.0,51198.0,57057.0,59629.0,60620.0,65869.0
"Bozeman, MT",49506.0,50302.0,52274.0,58809.0,50238.0,57535.0,61211.0,60901.0,68266.0,75418.0,80763.0,83064.0,91158.0,103918.0
"Brainerd, MN",44028.0,45199.0,46294.0,49897.0,48463.0,50042.0,51162.0,53543.0,51177.0,58222.0,62235.0,66887.0,70191.0,74050.0
"Bremerton, WA",56303.0,60314.0,59073.0,62672.0,61794.0,66090.0,69171.0,73026.0,76945.0,79624.0,87314.0,94775.0,99609.0,109052.0
"Bridgeport, CT",74831.0,77289.0,79841.0,82084.0,85925.0,86414.0,90123.0,91198.0,91079.0,97053.0,100810.0,105968.0,111058.0,116402.0
"Brownsville, TX",31736.0,32070.0,30953.0,34374.0,32093.0,34074.0,37061.0,36975.0,38378.0,41123.0,48115.0,50649.0,52210.0,53267.0
"Brunswick, GA",39066.0,42753.0,43346.0,39967.0,46268.0,44347.0,46014.0,47047.0,50499.0,57381.0,54561.0,59383.0,69235.0,69871.0
"Buffalo, NY",46420.0,47081.0,50269.0,50548.0,50074.0,51772.0,53487.0,55448.0,56195.0,60105.0,62794.0,68698.0,69861.0,72300.0
"Burlington, NC",41058.0,40699.0,39782.0,42512.0,39576.0,39541.0,45100.0,45150.0,49979.0,58490.0,58400.0,59919.0,65633.0,65966.0
"Burlington, VT",54738.0,60771.0,60889.0,62022.0,61947.0,66807.0,66367.0,63160.0,71452.0,74909.0,81852.0,83707.0,95497.0,89615.0
"Canton, OH",42365.0,41770.0,45157.0,45168.0,47729.0,49313.0,50811.0,51198.0,51624.0,55706.0,58810.0,64546.0,63774.0,69597.0
"Cape Coral, FL",43936.0,45266.0,46278.0,46383.0,49055.0,50651.0,52909.0,53928.0,56129.0,62240.0,66256.0,71072.0,71547.0,83602.0
"Cape Girardeau, MO",41288.0,39409.0,42686.0,41491.0,44347.0,47824.0,49059.0,47927.0,48026.0,52624.0,60726.0,60315.0,66427.0,65809.0
"Carson City, NV",52414.0,53707.0,49779.0,46616.0,43850.0,42251.0,52196.0,55700.0,56160.0,57270.0,65330.0,59042.0,73077.0,62948.0
"Casper, WY",51735.0,52603.0,54526.0,58635.0,56392.0,52886.0,59474.0,60546.0,64833.0,65034.0,63605.0,69627.0,73203.0,71381.0
"Cedar Rapids, IA",53755.0,54731.0,57222.0,56397.0,61865.0,58015.0,63385.0,63697.0,62882.0,64088.0,69923.0,73895.0,73569.0,75295.0
"Centralia, WA",38643.0,41931.0,42927.0,40601.0,43575.0,48179.0,45523.0,49827.0,61058.0,58911.0,65047.0,69067.0,67169.0,79285.0
"Chambersburg, PA",49514.0,49068.0,51938.0,54303.0,49487.0,57960.0,60559.0,60459.0,61208.0,62484.0,66715.0,74002.0,75875.0,74019.0
"Champaign, IL",45845.0,42328.0,47632.0,47258.0,48063.0,51600.0,50564.0,50999.0,52912.0,53081.0,59189.0,62108.0,62092.0,64980.0
"Charleston, SC",48062.0,50213.0,50108.0,51771.0,53572.0,56430.0,57659.0,60546.0,64283.0,70505.0,72719.0,78927.0,85165.0,90307.0
"Charleston, WV",43922.0,40990.0,47610.0,45251.0,42761.0,42526.0,41689.0,41558.0,40806.0,47500.0,53549.0,53157.0,55415.0,61625.0
"Charlotte, NC",50449.0,50671.0,52470.0,51251.0,53549.0,54836.0,59979.0,61156.0,62068.0,66399.0,71041.0,77154.0,81262.0,85938.0
"Charlottesville, VA",56808.0,56652.0,62880.0,58375.0,58189.0,63918.0,62523.0,66853.0,71052.0,75907.0,78819.0,83910.0,92265.0,95796.0
"Chattanooga, TN",42288.0,42166.0,43475.0,47702.0,46600.0,47809.0,46537.0,50250.0,54732.0,55366.0,62385.0,69018.0,68677.0,75076.0
"Cheyenne, WY",48784.0,54053.0,54192.0,61661.0,57551.0,60599.0,62221.0,61961.0,64306.0,70567.0,61381.0,71621.0,75112.0,83258.0
"Chicago, IL",57104.0,57267.0,59261.0,60564.0,61598.0,63153.0,66020.0,68403.0,70760.0,75379.0,78166.0,82914.0,87071.0,90770.0
"Chico, CA",41657.0,39179.0,40960.0,42752.0,42365.0,45644.0,45177.0,49061.0,51652.0,62563.0,64738.0,64426.0,63222.0,65221.0
"Chillicothe, OH",40811.0,43464.0,42951.0,40493.0,40764.0,44907.0,46422.0,50713.0,46769.0,55717.0,50395.0,60157.0,60666.0,67743.0
"Cincinnati, OH",51572.0,52373.0,52439.0,53378.0,55729.0,56826.0,60260.0,61653.0,62743.0,66825.0,70818.0,75062.0,77844.0,81489.0
"Clarksburg, WV",38866.0,40234.0,40108.0,41153.0,41708.0,46903.0,46987.0,57628.0,45315.0,53088.0,51393.0,52486.0,58340.0,60731.0
"Clarksville, TN",42262.0,42658.0,44392.0,48938.0,45130.0,46070.0,51373.0,54667.0,51280.0,53547.0,59255.0,65113.0,67082.0,72347.0
"Clearlake, CA",34910.0,35991.0,33219.0,37079.0,34529.0,37294.0,42029.0,48930.0,48554.0,47138.0,61221.0,51259.0,59444.0,51434.0
"Cleveland, OH",46231.0,45936.0,46944.0,49358.0,49889.0,51049.0,52131.0,52489.0,56203.0,57228.0,62315.0,65198.0,67586.0,72532.0
"Cleveland, TN",37193.0,37092.0,38343.0,42107.0,41176.0,42380.0,44881.0,46822.0,48101.0,52178.0,56350.0,62624.0,61033.0,71568.0
"Coeur d'Alene, ID",42316.0,47782.0,46870.0,54919.0,48776.0,47860.0,51765.0,57219.0,55236.0,62579.0,67593.0,75328.0,73456.0,83061.0
"College Station, TX",35961.0,35417.0,40346.0,39657.0,42116.0,46341.0,42233.0,45515.0,50512.0,55670.0,49927.0,60804.0,54680.0,61983.0
"Colorado Springs, CO",51683.0,54877.0,55320.0,57484.0,59411.0,60458.0,63651.0,65593.0,67430.0,72633.0,79014.0,81912.0,89792.0,90760.0
"Columbia, MO",40853.0,46703.0,43172.0,48953.0,50085.0,50520.0,52752.0,51340.0,54356.0,57359.0,61781.0,62044.0,69375.0,80142.0
"Columbia, SC",45929.0,45292.0,48763.0,48672.0,50091.0,51369.0,52247.0,54480.0,53765.0,55725.0,58213.0,63933.0,67189.0,70788.0
"Columbus, GA",36553.0,39574.0,42972.0,40388.0,42669.0,41592.0,43412.0,43051.0,49731.0,49013.0,52802.0,54106.0,54661.0,60100.0
"Columbus, IN",47192.0,54197.0,53671.0,52505.0,53002.0,54447.0,59102.0,61533.0,62047.0,72555.0,73564.0,65739.0,81832.0,80438.0
"Columbus, OH",51039.0,52315.0,53699.0,54079.0,56371.0,58192.0,60294.0,63764.0,64052.0,67207.0,71839.0,75777.0,77390.0,82938.0
"Concord, NH",61310.0,66221.0,58742.0,65662.0,62418.0,68566.0,69505.0,70764.0,75088.0,76218.0,80918.0,84690.0,92110.0,96254.0
"Cookeville, TN",34208.0,31258.0,31813.0,32438.0,36411.0,37933.0,35028.0,38421.0,45179.0,47879.0,50660.0,53399.0,57427.0,57851.0
"Corning, NY",45995.0,43457.0,46445.0,47046.0,46889.0,47146.0,50575.0,50930.0,55569.0,52951.0,57378.0,60204.0,64238.0,68613.0
"Corpus Christi, TX",41994.0,44342.0,49047.0,48688.0,52050.0,50253.0,53775.0,52193.0,54264.0,56991.0,59853.0,61169.0,62499.0,68650.0
"Corvallis, OR",45913.0,42513.0,51133.0,47808.0,52486.0,52852.0,55459.0,60260.0,63773.0,70835.0,64163.0,68524.0,73047.0,79179.0
"Crestview, FL",51529.0,49158.0,52787.0,53000.0,53679.0,53488.0,58624.0,59619.0,63710.0,62627.0,67029.0,76945.0,81996.0,81933.0
"Cullman, AL",35786.0,40054.0,37287.0,39936.0,38261.0,37862.0,39411.0,45044.0,44612.0,50906.0,55517.0,63229.0,58923.0,62876.0
"Cumberland, MD",34847.0,34819.0,35645.0,35211.0,38580.0,39408.0,45808.0,42113.0,44607.0,49729.0,51440.0,54618.0,56295.0,66580.0
"Dallas, TX",54449.0,55546.0,56954.0,57398.0,59530.0,61644.0,63812.0,67382.0,69445.0,72265.0,75975.0,82823.0,86860.0,92733.0
"Dalton, GA",39476.0,35120.0,32858.0,37659.0,41034.0,45632.0,43348.0,41441.0,45326.0,51967.0,54289.0,62644.0,65143.0,66660.0
"Danville, IL",38167.0,40869.0,40311.0,45089.0,41690.0,45098.0,45481.0,42345.0,43655.0,43111.0,49091.0,51515.0,46507.0,62551.0
"Danville, VA",35964.0,36907.0,38071.0,35266.0,40932.0,37623.0,42755.0,39919.0,39512.0,45971.0,44787.0,45173.0,51265.0,56347.0
"Daphne, AL",47502.0,50900.0,48378.0,44874.0,48461.0,52003.0,56732.0,55342.0,56813.0,56439.0,63866.0,69914.0,72915.0,82501.0
"Davenport, IA",46310.0,47122.0,51678.0,51288.0,51410.0,55496.0,52590.0,54173.0,55635.0,62001.0,61166.0,65636.0,71262.0,71446.0
"Dayton, OH",43832.0,44141.0,45524.0,47063.0,46697.0,49504.0,51427.0,52745.0,54942.0,58169.0,61986.0,66770.0,67070.0,72711.0
"Decatur, AL",42172.0,41971.0,42088.0,42598.0,44600.0,46157.0,44575.0,47042.0,49133.0,53447.0,57041.0,60663.0,72956.0,69526.0
"Decatur, IL",40919.0,44415.0,44533.0,45957.0,47574.0,48040.0,46198.0,51970.0,50066.0,50839.0,46807.0,60332.0,58297.0,61411.0
"Deltona, FL",41556.0,38213.0,40106.0,41554.0,42468.0,43284.0,46090.0,47351.0,51364.0,54533.0,59171.0,65889.0,67176.0,73701.0
"Denver, CO",58732.0,59230.0,61453.0,62760.0,66870.0,70283.0,71926.0,76643.0,79478.0,85641.0,90716.0,98975.0,103055.0,108046.0
"Des Moines, IA",54685.0,58228.0,59157.0,61194.0,62446.0,62024.0,65704.0,68649.0,71352.0,71164.0,74208.0,80061.0,82728.0,85446.0
"Detroit, MI",48198.0,48968.0,50310.0,51857.0,52462.0,53628.0,56142.0,58411.0,60513.0,63474.0,67153.0,71265.0,72574.0,76403.0
"Dothan, AL",38638.0,40465.0,37632.0,40186.0,38300.0,42492.0,41040.0,45396.0,45152.0,50010.0,47665.0,58054.0,57405.0,60024.0
"Dover, DE",54617.0,52512.0,52894.0,54794.0,55227.0,56778.0,54140.0,57608.0,54419.0,58001.0,64308.0,72675.0,72910.0,81117.0
"DuBois, PA",36331.0,42780.0,41817.0,39236.0,39592.0,44666.0,47352.0,48581.0,46205.0,45643.0,55193.0,60228.0,60711.0,60280.0
"Dubuque, IA",49776.0,53011.0,49793.0,51735.0,56129.0,58487.0,60456.0,61497.0,60225.0,62178.0,75590.0,73671.0,71940.0,80512.0
"Duluth, MN",42083.0,46110.0,46848.0,46385.0,50275.0,50566.0,51294.0,54162.0,53767.0,60316.0,64960.0,65963.0,70208.0,69309.0
"Durham, NC",47982.0,48689.0,50262.0,53492.0,51988.0,54160.0,56182.0,61271.0,62114.0,65303.0,71601.0,79154.0,83280.0,83542.0
"East Stroudsburg, PA",54549.0,51875.0,56178.0,55536.0,63118.0,57318.0,60095.0,61612.0,64170.0,62413.0,78575.0,81580.0,71087.0,76336.0
"Eau Claire, WI",44086.0,49375.0,48691.0,49046.0,48873.0,52094.0,51058.0,55480.0,60081.0,63460.0,61684.0,72172.0,75183.0,74869.0
"El Centro, CA",41802.0,37843.0,40200.0,43310.0,39290.0,40852.0,49095.0,47211.0,48984.0,48472.0,51809.0,57310.0,60243.0,60749.0
"El Paso, TX",36015.0,39573.0,40345.0,39873.0,40133.0,43633.0,42116.0,44416.0,43862.0,48823.0,51002.0,53359.0,59037.0,59834.0
"Elizabethtown, KY",42363.0,46448.0,47323.0,46680.0,49649.0,48955.0,51936.0,52622.0,51147.0,55246.0,60025.0,61813.0,64904.0,69080.0
"Elkhart, IN",41748.0,43317.0,45315.0,45387.0,49937.0,49556.0,54216.0,58960.0,58350.0,54531.0,60143.0,61922.0,67188.0,69872.0
"Elmira, NY",47643.0,50120.0,45974.0,45237.0,50232.0,53119.0,51269.0,51194.0,53005.0,60782.0,60219.0,55845.0,59617.0,66527.0
"Erie, PA",42519.0,41975.0,46563.0,44292.0,45560.0,47386.0,48964.0,50614.0,48007.0,51818.0,56851.0,56094.0,60663.0,63322.0
"Eugene, OR",40276.0,40584.0,40675.0,43459.0,44877.0,47318.0,47777.0,50654.0,53172.0,57325.0,61712.0,64069.0,70374.0,73476.0
"Eureka, CA",38492.0,41187.0,40682.0,42092.0,40598.0,40484.0,43130.0,46494.0,50294.0,51662.0,54752.0,57883.0,61621.0,58124.0
"Evansville, IN",44319.0,46721.0,44887.0,45332.0,46547.0,48662.0,50155.0,51964.0,55412.0,55584.0,59153.0,62433.0,65073.0,67459.0
"Fairbanks, AK",60785.0,65920.0,66539.0,69113.0,69820.0,72975.0,77328.0,76747.0,75448.0,72065.0,72149.0,83519.0,86391.0,92121.0
"Fargo, ND",50088.0,52393.0,51525.0,51961.0,53867.0,56051.0,60009.0,63353.0,65073.0,62820.0,66216.0,70391.0,72889.0,76945.0
"Farmington, MO",33428.0,34260.0,34129.0,37349.0,41713.0,42863.0,45431.0,39288.0,46796.0,42390.0,47682.0,46775.0,55042.0,55350.0
"Farmington, NM",45127.0,51728.0,46385.0,43787.0,48773.0,49613.0,52003.0,45942.0,44841.0,44321.0,47819.0,50264.0,57324.0,66426.0
"Fayetteville, AR",45101.0,45138.0,45611.0,47905.0,50128.0,50788.0,51848.0,56038.0,57911.0,61674.0,71767.0,73364.0,77695.0,81208.0
"Fayetteville, NC",43458.0,42955.0,44823.0,42968.0,42181.0,41921.0,45293.0,44757.0,46679.0,47597.0,55027.0,60441.0,61220.0,61379.0
"Findlay, OH",50150.0,46742.0,47947.0,46382.0,50898.0,54709.0,52810.0,51360.0,60788.0,60944.0,64024.0,71377.0,70736.0,81810.0
"Flagstaff, AZ",42130.0,45045.0,45640.0,50637.0,49757.0,53152.0,55091.0,54893.0,61843.0,58085.0,64533.0,62622.0,71738.0,75164.0
"Flint, MI",38819.0,40843.0,40323.0,41249.0,41682.0,44025.0,43955.0,46298.0,48127.0,50389.0,52025.0,57003.0,60027.0,63594.0
"Florence, AL",37638.0,37998.0,41450.0,42898.0,41597.0,41547.0,45287.0,45903.0,49407.0,45824.0,51639.0,56563.0,61606.0,66882.0
"Florence, SC",37590.0,39961.0,38163.0,38577.0,40139.0,38062.0,42200.0,40562.0,42612.0,48547.0,49724.0,50219.0,49974.0,56475.0
"Fond du Lac, WI",49718.0,53202.0,53065.0,54198.0,51717.0,57620.0,58310.0,61417.0,57415.0,65329.0,69068.0,69948.0,71285.0,74782.0
"Fort Collins, CO",54154.0,55219.0,55890.0,59052.0,56575.0,64919.0,66469.0,69102.0,71091.0,75186.0,78109.0,88403.0,88182.0,93276.0
"Fort Smith, AR",37992.0,35965.0,36061.0,37633.0,39207.0,41040.0,40970.0,40282.0,44317.0,45157.0,49065.0,49980.0,58609.0,60327.0
"Fort Wayne, IN",47004.0,47485.0,49301.0,46005.0,49405.0,50856.0,51519.0,52908.0,55491.0,57287.0,62155.0,65678.0,66317.0,71251.0
"Frankfort, KY",45939.0,44805.0,49128.0,44534.0,50884.0,52190.0,54000.0,51695.0,52134.0,59495.0,62122.0,56220.0,71305.0,62815.0
"Fresno, CA",45221.0,42807.0,41627.0,43925.0,43423.0,46949.0,48715.0,51800.0,52629.0,57518.0,63656.0,69571.0,71140.0,74983.0
"Gadsden, AL",35897.0,33313.0,34264.0,39459.0,40529.0,43346.0,41152.0,41576.0,45868.0,41447.0,45298.0,57098.0,52192.0,57959.0
"Gainesville, FL",40274.0,39493.0,41226.0,38658.0,45353.0,46949.0,45279.0,44548.0,50495.0,47762.0,53728.0,59516.0,59290.0,61949.0
"Gainesville, GA",47002.0,50108.0,49737.0,44998.0,52519.0,55009.0,54917.0,61977.0,61699.0,67467.0,66719.0,76888.0,77891.0,87038.0
"Gallup, NM",29369.0,28983.0,29696.0,24945.0,27041.0,28212.0,31526.0,31565.0,34080.0,37153.0,41643.0,45636.0,40108.0,45307.0
"Gettysburg, PA",55652.0,54906.0,60136.0,59029.0,61543.0,61023.0,59300.0,63107.0,62284.0,67715.0,72985.0,76727.0,76725.0,86279.0
"Glens Falls, NY",50936.0,51722.0,53368.0,53562.0,51880.0,55186.0,54414.0,58723.0,57058.0,61255.0,65557.0,69145.0,73247.0,71090.0
"Goldsboro, NC",40787.0,39085.0,37905.0,42193.0,35966.0,40361.0,41711.0,44347.0,40791.0,44596.0,47595.0,55588.0,55461.0,59562.0
"Grand Forks, ND",46057.0,46718.0,43648.0,50891.0,49691.0,53443.0,48671.0,48609.0,54659.0,57301.0,62568.0,65413.0,71529.0,69959.0
"Grand Island, NE",46479.0,45590.0,47588.0,50567.0,49742.0,51371.0,55435.0,60116.0,54235.0,55907.0,61749.0,67646.0,70919.0,68960.0
"Grand Junction, CO",46231.0,47664.0,45892.0,46723.0,50174.0,51465.0,48846.0,52742.0,49848.0,60500.0,64055.0,70711.0,64722.0,75231.0
"Grand Rapids, MI",47040.0,49589.0,50658.0,52485.0,54372.0,55459.0,60212.0,61298.0,63344.0,65739.0,72014.0,77771.0,77979.0,81541.0
"Grants Pass, OR",36626.0,37048.0,34430.0,38298.0,36870.0,41493.0,36472.0,44426.0,48315.0,47573.0,48785.0,53838.0,64170.0,59711.0
"Great Falls, MT",41871.0,42623.0,41732.0,43947.0,42170.0,45606.0,45138.0,47713.0,49948.0,51227.0,57706.0,58698.0,66454.0,62076.0
"Greeley, CO",51956.0,51059.0,55357.0,58611.0,62083.0,70256.0,63400.0,68884.0,75938.0,78615.0,85290.0,91565.0,91047.0,101563.0
"Green Bay, WI",49016.0,52725.0,50777.0,51148.0,53208.0,54847.0,58011.0,60456.0,61400.0,65026.0,66652.0,70341.0,76171.0,79876.0
"Greeneville, TN",35196.0,31873.0,34536.0,35981.0,36694.0,34768.0,41109.0,37920.0,47383.0,44722.0,56488.0,48918.0,54261.0,61802.0
"Greensboro, NC",41120.0,41399.0,41751.0,43791.0,42565.0,45749.0,46135.0,50285.0,50026.0,51770.0,57908.0,60271.0,63280.0,66072.0
"Greenville, NC",39664.0,38322.0,37759.0,40639.0,41632.0,41453.0,46573.0,45849.0,42481.0,53401.0,44450.0,57049.0,59946.0,57031.0
"Greenville, SC",42640.0,44536.0,43724.0,44853.0,44783.0,48180.0,50644.0,51154.0,55790.0,58621.0,62265.0,65681.0,69413.0,75881.0
"Greenwood, SC",30808.0,35678.0,35923.0,34006.0,36847.0,39555.0,38519.0,39828.0,41959.0,42148.0,52636.0,47052.0,53628.0,55562.0
"Guayama, PR",18991.0,16118.0,14879.0,12365.0,14187.0,16135.0,16595.0,14676.0,17062.0,16655.0,16373.0,21580.0,21345.0,22092.0
"Gulfport, MS",41875.0,38287.0,41254.0,44951.0,43906.0,44328.0,46434.0,47099.0,47444.0,50642.0,56348.0,58007.0,60114.0,65256.0
"Hagerstown, MD",50529.0,50797.0,51386.0,56424.0,56537.0,55142.0,55862.0,59801.0,61256.0,60095.0,67372.0,68083.0,75369.0,80901.0
"Hammond, LA",37390.0,39391.0,34904.0,44166.0,40689.0,42962.0,48162.0,44861.0,48205.0,47825.0,52872.0,55391.0,54417.0,56626.0
"Hanford, CA",44609.0,50345.0,45935.0,45774.0,42784.0,45746.0,53234.0,57555.0,61663.0,58453.0,62155.0,64368.0,66429.0,73954.0
"Harrisburg, PA",54009.0,55382.0,54742.0,56484.0,57742.0,58166.0,61467.0,65069.0,64213.0,67069.0,73559.0,73739.0,76758.0,80904.0
"Harrisonburg, VA",45188.0,46618.0,44971.0,46710.0,51136.0,47420.0,51369.0,54681.0,53046.0,60740.0,66564.0,64993.0,76250.0,76570.0
"Hartford, CT",63104.0,64508.0,66732.0,66356.0,68532.0,72275.0,72559.0,71414.0,77258.0,77005.0,82258.0,85723.0,92176.0,94419.0
"Hattiesburg, MS",38538.0,37378.0,36815.0,40364.0,42028.0,41938.0,46765.0,46167.0,45249.0,48359.0,55444.0,54560.0,55336.0,61871.0
"Helena, MT",52114.0,54455.0,60231.0,55527.0,54401.0,60278.0,62437.0,60472.0,65145.0,68095.0,65638.0,72930.0,76866.0,94395.0
"Hickory, NC",39381.0,38923.0,37364.0,38039.0,41106.0,40380.0,42572.0,48079.0,47544.0,50631.0,52737.0,60209.0,58164.0,64059.0
"Hilo, HI",47100.0,46479.0,50285.0,48399.0,52788.0,60033.0,55750.0,57545.0,57571.0,67075.0,69473.0,72568.0,74580.0,75465.0
"Hilton Head Island, SC",52496.0,51232.0,51209.0,52269.0,52691.0,55923.0,63756.0,55430.0,63723.0,71252.0,67779.0,81038.0,80683.0,88348.0
"Hinesville, GA",37536.0,42659.0,43368.0,40559.0,43331.0,37211.0,46241.0,49364.0,47234.0,53060.0,49733.0,62795.0,60732.0,66943.0
"Holland, MI",53056.0,53553.0,54323.0,56077.0,53796.0,55250.0,57846.0,62853.0,61353.0,66278.0,74371.0,75901.0,78779.0,85257.0
"Homosassa Springs, FL",35459.0,33764.0,39322.0,40015.0,35671.0,40294.0,39206.0,43548.0,39964.0,50751.0,47197.0,51532.0,53777.0,59481.0
"Hot Springs, AR",36482.0,34251.0,40893.0,39589.0,41032.0,37013.0,42826.0,46101.0,42779.0,45265.0,47694.0,53145.0,52275.0,60453.0
"Houma, LA",48185.0,44987.0,48866.0,54070.0,45104.0,48119.0,49929.0,47069.0,51440.0,49874.0,61478.0,58332.0,60119.0,62338.0
"Houston, TX",53942.0,54901.0,55910.0,57366.0,60072.0,61465.0,61708.0,63802.0,65394.0,69193.0,70893.0,74863.0,79463.0,81417.0
"Huntington, WV",36022.0,36894.0,39160.0,43543.0,40830.0,42237.0,42420.0,40646.0,45535.0,48329.0,50456.0,56806.0,57815.0,61741.0
"Huntsville, AL",52384.0,51734.0,54617.0,55857.0,56453.0,57792.0,58238.0,61331.0,63765.0,67157.0,76963.0,81066.0,84929.0,87049.0
"Huntsville, TX",35806.0,38869.0,36382.0,35456.0,38688.0,39521.0,42199.0,39866.0,40500.0,47170.0,41470.0,51528.0,55134.0,56893.0
"Idaho Falls, ID",50113.0,47121.0,49200.0,50439.0,50208.0,52689.0,60133.0,54515.0,58880.0,63616.0,70559.0,74511.0,75824.0,85767.0
"Indiana, PA",41162.0,42498.0,44403.0,45266.0,42431.0,46990.0,42962.0,46237.0,49448.0,51914.0,52023.0,52361.0,57505.0,62945.0
"Indianapolis, IN",48867.0,50826.0,51808.0,51087.0,52268.0,54322.0,56750.0,59566.0,61022.0,62502.0,70224.0,75824.0,77947.0,80239.0
"Iowa City, IA",48425.0,52602.0,52767.0,52220.0,59791.0,55332.0,57777.0,60888.0,64635.0,63761.0,66216.0,72634.0,71905.0,75225.0
"Ithaca, NY",52064.0,51586.0,49930.0,48516.0,52885.0,58084.0,56349.0,56672.0,57276.0,58626.0,66441.0,74034.0,67247.0,71948.0
"Jackson, MI",42862.0,41686.0,42653.0,43668.0,45371.0,50783.0,50009.0,50258.0,51031.0,55124.0,58254.0,59059.0,63338.0,66155.0
"Jackson, MS",42501.0,43732.0,42604.0,43611.0,46967.0,46757.0,50632.0,52434.0,55700.0,52426.0,54123.0,58064.0,58592.0,64835.0
"Jackson, TN",40464.0,38170.0,42270.0,38663.0,40338.0,46553.0,42373.0,43570.0,45610.0,48700.0,52186.0,55720.0,59532.0,62566.0
"Jacksonville, FL",50324.0,50130.0,48118.0,51495.0,51117.0,53221.0,56840.0,58709.0,60238.0,65880.0,68394.0,77583.0,77044.0,82053.0
"Jacksonville, NC",41787.0,45573.0,44250.0,44673.0,47581.0,45832.0,47150.0,49883.0,50639.0,49544.0,55534.0,62460.0,67597.0,73004.0
"Jamestown, NY",40443.0,40927.0,41376.0,40413.0,41808.0,44460.0,42204.0,46079.0,45479.0,50272.0,46661.0,55457.0,55234.0,59537.0
"Janesville, WI",46758.0,47559.0,45989.0,47118.0,50610.0,53777.0,50729.0,55304.0,57037.0,61243.0,66090.0,66451.0,73440.0,70556.0
"Jefferson City, MO",51742.0,50708.0,46835.0,47586.0,51329.0,55069.0,55031.0,52579.0,60281.0,60786.0,63942.0,71396.0,68629.0,73164.0
"Johnson City, TN",36791.0,36550.0,39137.0,37423.0,38813.0,40388.0,40943.0,40663.0,45839.0,45917.0,51119.0,58660.0,56846.0,57462.0
"Johnstown, PA",41220.0,40253.0,39969.0,41423.0,43224.0,44179.0,44100.0,46598.0,45084.0,49076.0,52995.0,54905.0,55748.0,61786.0
"Jonesboro, AR",35526.0,34673.0,41551.0,39552.0,40751.0,37378.0,41717.0,48929.0,43927.0,44998.0,47935.0,59582.0,58550.0,55486.0
"Joplin, MO",38448.0,40952.0,38229.0,40852.0,42705.0,45089.0,45876.0,48979.0,47012.0,48909.0,55045.0,54041.0,57887.0,62796.0
"Kahului, HI",60617.0,60147.0,61207.0,65541.0,66987.0,70468.0,72268.0,80183.0,82917.0,80754.0,76273.0,94760.0,83691.0,101168.0
"Kalamazoo, MI",43634.0,44595.0,44326.0,45699.0,45721.0,51167.0,52045.0,55129.0,56016.0,56441.0,62128.0,69584.0,67191.0,71069.0
"Kalispell, MT",41854.0,44207.0,46444.0,47802.0,47362.0,46899.0,50142.0,59735.0,53193.0,62588.0,66126.0,65680.0,74274.0,75431.0
"Kankakee, IL",44784.0,45669.0,51703.0,49761.0,58378.0,53850.0,54911.0,58539.0,51404.0,60923.0,63364.0,71416.0,66788.0,76743.0
"Kansas City, MO",53919.0,53376.0,54519.0,56248.0,56994.0,60502.0,61385.0,63404.0,65768.0,70215.0,73900.0,75280.0,79842.0,83785.0
"Kapaa, HI",55246.0,60751.0,59238.0,60155.0,64847.0,77140.0,71344.0,83860.0,80921.0,81971.0,80582.0,87730.0,103564.0,98128.0
"Keene, NH",48030.0,54049.0,56238.0,51945.0,56652.0,61780.0,56364.0,61257.0,59186.0,66088.0,67344.0,77757.0,89314.0,82115.0
"Kennewick, WA",56407.0,59256.0,57189.0,58542.0,58020.0,61361.0,61021.0,63617.0,64908.0,68283.0,78367.0,82961.0,83053.0,89573.0
"Key West, FL",50619.0,51524.0,53637.0,50838.0,59388.0,61020.0,65717.0,65747.0,71973.0,68589.0,68563.0,79420.0,88870.0,100256.0
"Killeen, TX",49778.0,46468.0,48633.0,50447.0,50478.0,48612.0,52202.0,53303.0,53686.0,54370.0,59753.0,62904.0,71013.0,68465.0
"Kingsport, TN",34741.0,37804.0,37769.0,39128.0,39213.0,41206.0,40811.0,43516.0,41957.0,48615.0,48771.0,52887.0,53794.0,62096.0
"Kingston, NY",51301.0,55006.0,57566.0,58429.0,58093.0,59758.0,62790.0,63621.0,63889.0,64087.0,78938.0,80372.0,85878.0,87847.0
"Klamath Falls, OR",37660.0,36464.0,38987.0,36885.0,39148.0,43952.0,45604.0,38916.0,45354.0,56348.0,46721.0,53923.0,52547.0,66338.0
"Knoxville, TN",43114.0,44514.0,44766.0,45051.0,45151.0,48382.0,49862.0,51848.0,53523.0,56623.0,62592.0,67801.0,69872.0,74184.0
"Kokomo, IN",41180.0,40126.0,39885.0,44265.0,47159.0,46793.0,45702.0,49346.0,55868.0,53440.0,55088.0,55297.0,61267.0,65267.0
"La Crosse, WI",47696.0,50314.0,47642.0,51024.0,50568.0,50705.0,55717.0,56552.0,60402.0,59608.0,61342.0,70405.0,71312.0,75117.0
"LaGrange, GA",41477.0,40368.0,36739.0,43642.0,40486.0,39067.0,42371.0,38977.0,44260.0,46217.0,49287.0,51493.0,56990.0,56399.0
"Lafayette, IN",40577.0,42872.0,43881.0,48372.0,46109.0,50088.0,51410.0,52224.0,50799.0,49908.0,53559.0,56176.0,61349.0,67515.0
"Lafayette, LA",46730.0,43332.0,46813.0,48105.0,48668.0,48370.0,45409.0,47848.0,50825.0,53493.0,53931.0,50837.0,57311.0,60527.0
"Lake Charles, LA",40194.0,40787.0,45102.0,43479.0,46336.0,46229.0,46005.0,52314.0,49072.0,51547.0,58736.0,62184.0,65122.0,65144.0
"Lake City, FL",32488.0,35008.0,36542.0,45220.0,38520.0,47808.0,42019.0,40811.0,48848.0,47094.0,54077.0,53985.0,60812.0,66139.0
"Lake Havasu City, AZ",36456.0,35983.0,34445.0,39058.0,37674.0,40908.0,42423.0,42311.0,46060.0,50179.0,46616.0,54786.0,55954.0,60952.0
"Lakeland, FL",41174.0,40272.0,41325.0,42435.0,42780.0,44061.0,46355.0,48475.0,51670.0,51833.0,56379.0,62051.0,66909.0,66779.0
"Lancaster, PA",51740.0,53387.0,54776.0,56922.0,57403.0,59262.0,61335.0,63407.0,66277.0,67376.0,75688.0,82691.0,80067.0,85802.0
"Lansing, MI",47731.0,46571.0,48637.0,49383.0,49697.0,51839.0,53296.0,56440.0,59494.0,59117.0,61980.0,64478.0,70007.0,72010.0
"Laredo, TX",35770.0,36132.0,36624.0,39991.0,38312.0,39774.0,35659.0,43408.0,46862.0,56084.0,51867.0,59603.0,60204.0,60580.0
"Las Cruces, NM",35230.0,36101.0,37566.0,36343.0,39502.0,39902.0,37496.0,37144.0,35262.0,43038.0,45178.0,51967.0,56451.0,61154.0
"Las Vegas, NV",51437.0,48215.0,49546.0,51057.0,51214.0,51552.0,54384.0,57189.0,57076.0,62107.0,63677.0,70797.0,75065.0,80028.0
"Laurel, MS",35438.0,36277.0,34064.0,34844.0,37578.0,32339.0,40954.0,38542.0,44439.0,39213.0,41012.0,57705.0,47790.0,50985.0
"Lawrence, KS",47263.0,47757.0,50184.0,52150.0,48565.0,52964.0,56345.0,55646.0,54668.0,64233.0,56576.0,65774.0,66997.0,72449.0
"Lawton, OK",43817.0,44585.0,44874.0,41813.0,47584.0,47617.0,50980.0,50702.0,52034.0,51332.0,49422.0,55148.0,56680.0,61848.0
"Lebanon, PA",51436.0,55019.0,51557.0,55973.0,54068.0,52571.0,57248.0,57372.0,61362.0,61204.0,72732.0,68467.0,78824.0,72275.0
"Lewiston, ID",39959.0,42432.0,44568.0,45417.0,44937.0,52735.0,47869.0,55116.0,51330.0,61191.0,57610.0,66844.0,71005.0,77382.0
"Lewiston, ME",41190.0,44689.0,44297.0,44127.0,48007.0,50338.0,49081.0,48286.0,49697.0,63813.0,62958.0,63438.0,63404.0,68775.0
"Lexington, KY",46257.0,47120.0,47952.0,50279.0,50270.0,53117.0,53769.0,58069.0,56784.0,60492.0,62612.0,65964.0,70027.0,71444.0
"Lima, OH",41057.0,41307.0,41729.0,43030.0,42701.0,50332.0,47592.0,51542.0,49063.0,60429.0,51497.0,59880.0,66891.0,67668.0
"Lincoln, NE",50091.0,49315.0,50668.0,52300.0,52046.0,54002.0,59344.0,60057.0,58506.0,61539.0,65229.0,67235.0,71163.0,74935.0
"Little Rock, AR",45991.0,46620.0,47845.0,48304.0,48330.0,49066.0,51501.0,53173.0,52102.0,56849.0,58357.0,60931.0,66225.0,68344.0
"Logan, UT",46215.0,46356.0,45813.0,47377.0,51497.0,51555.0,57414.0,52974.0,59414.0,61467.0,67022.0,76091.0,85111.0,81144.0
"Longview, TX",41842.0,42916.0,42522.0,45175.0,49500.0,47532.0,45773.0,48259.0,51296.0,55970.0,56777.0,62627.0,63956.0,65711.0
"Longview, WA",41054.0,42031.0,47692.0,48417.0,42223.0,49949.0,50637.0,49456.0,59225.0,55497.0,71194.0,72055.0,70959.0,78460.0
"Los Angeles, CA",56691.0,56653.0,57271.0,58869.0,60514.0,62544.0,65950.0,69992.0,72563.0,77774.0,82503.0,87743.0,91960.0,96405.0
"Louisville/Jefferson County, KY",44678.0,47580.0,48895.0,50905.0,50932.0,52898.0,54546.0,57279.0,57405.0,61172.0,64029.0,69547.0,68921.0,74305.0
"Lubbock, TX",42126.0,43324.0,41667.0,47172.0,45825.0,47291.0,48671.0,47276.0,49974.0,54598.0,57634.0,59228.0,57093.0,64469.0
"Lufkin, TX",37775.0,39007.0,39489.0,42750.0,42156.0,49768.0,41161.0,45326.0,47519.0,53320.0,50045.0,58180.0,56864.0,63719.0
"Lumberton, NC",29453.0,30806.0,28293.0,29542.0,29889.0,31558.0,34254.0,32729.0,35037.0,35035.0,37008.0,38610.0,40996.0,45740.0
"Lynchburg, VA",41248.0,46734.0,43082.0,47821.0,47567.0,48090.0,48530.0,52976.0,51143.0,57736.0,58617.0,62918.0,67050.0,65735.0
"Macon, GA",37507.0,36888.0,39525.0,39484.0,38146.0,40067.0,39973.0,41303.0,42615.0,48435.0,53397.0,52574.0,59750.0,56638.0
"Madison, WI",57594.0,59674.0,58894.0,59466.0,60903.0,64174.0,68497.0,71301.0,70463.0,75545.0,76731.0,83214.0,82132.0,89714.0
"Manchester, NH",68312.0,66609.0,69089.0,67574.0,71422.0,74323.0,76254.0,78769.0,78978.0,83626.0,91627.0,96921.0,103727.0,106013.0
"Manhattan, KS",46150.0,42688.0,46083.0,46375.0,50323.0,50354.0,52720.0,50698.0,49200.0,59010.0,57835.0,58723.0,63033.0,70324.0
"Manitowoc, WI",47298.0,48272.0,46045.0,47181.0,45136.0,50302.0,51752.0,54785.0,54393.0,60785.0,57918.0,61673.0,68297.0,68461.0
"Mankato, MN",51127.0,50720.0,52542.0,53047.0,54055.0,52497.0,57833.0,61241.0,60255.0,63126.0,70130.0,69679.0,69016.0,74426.0
"Mansfield, OH",41572.0,40117.0,41680.0,39455.0,41548.0,45155.0,44073.0,46032.0,49564.0,51783.0,51158.0,53047.0,56664.0,66312.0
"Marinette, WI",38506.0,38279.0,39605.0,39669.0,42533.0,45581.0,41145.0,47542.0,48215.0,51101.0,58276.0,53166.0,59414.0,61077.0
"Marion, IN",34716.0,38187.0,38877.0,38665.0,39851.0,38645.0,37117.0,44768.0,44839.0,47206.0,49401.0,50366.0,52214.0,48764.0
"Marquette, MI",44684.0,41130.0,45149.0,45011.0,44267.0,48259.0,51275.0,49008.0,54779.0,55148.0,55301.0,61474.0,62115.0,66847.0
"McAllen, TX",33732.0,31077.0,33761.0,35098.0,34801.0,35730.0,36176.0,37106.0,39165.0,41800.0,44818.0,49142.0,53661.0,56720.0
"Meadville, PA",38321.0,41199.0,42287.0,44575.0,44598.0,46574.0,45410.0,50657.0,51502.0,49428.0,55593.0,54497.0,60797.0,57679.0
"Medford, OR",40177.0,39138.0,44810.0,43363.0,44918.0,43948.0,48563.0,51409.0,56546.0,56450.0,64249.0,69152.0,71666.0,74653.0
"Memphis, TN",45377.0,45393.0,45687.0,46962.0,45844.0,48524.0,49809.0,50984.0,50338.0,54859.0,55840.0,64008.0,64025.0,68124.0
"Merced, CA",42449.0,40055.0,43597.0,40687.0,44084.0,41997.0,47739.0,47735.0,57745.0,61167.0,53992.0,66164.0,57570.0,64980.0
"Meridian, MS",29244.0,35704.0,34279.0,31713.0,35736.0,37129.0,40105.0,41594.0,37816.0,36225.0,41461.0,46796.0,48819.0,58923.0
"Miami, FL",45352.0,45407.0,46648.0,46946.0,48458.0,50441.0,51362.0,54284.0,56328.0,60141.0,63814.0,70769.0,76271.0,80625.0
"Michigan City, IN",43765.0,48389.0,46048.0,46506.0,45744.0,45838.0,53507.0,50736.0,51584.0,56019.0,63714.0,66659.0,62868.0,66849.0
"Midland, MI",48706.0,52591.0,52356.0,49913.0,49194.0,59292.0,57269.0,61624.0,56091.0,69872.0,67707.0,78487.0,73074.0,78046.0
"Midland, TX",53170.0,54330.0,61331.0,71442.0,77574.0,80761.0,65224.0,75266.0,80747.0,82650.0,80478.0,75602.0,92934.0,89627.0
"Milwaukee, WI",49774.0,50664.0,52605.0,51957.0,53164.0,56247.0,58029.0,59448.0,60643.0,65845.0,68449.0,70898.0,77006.0,77919.0
"Minneapolis, MN",62352.0,63352.0,66282.0,67194.0,69111.0,71008.0,73231.0,76856.0,79578.0,83698.0,87433.0,91341.0,95102.0,97928.0
"Minot, ND",46768.0,54868.0,57777.0,58136.0,65562.0,63889.0,62763.0,63310.0,65085.0,71343.0,70598.0,72292.0,72073.0,70782.0
"Missoula, MT",45596.0,41931.0,45595.0,48077.0,44289.0,42815.0,46550.0,54311.0,56598.0,57347.0,66803.0,68305.0,73324.0,75290.0
"Mobile, AL",39998.0,42372.0,39691.0,42944.0,43642.0,42699.0,45744.0,46023.0,43061.0,49561.0,49691.0,54313.0,55352.0,60379.0
"Modesto, CA",48044.0,44076.0,46405.0,47962.0,51084.0,52363.0,54305.0,59514.0,60321.0,63037.0,73982.0,75886.0,82758.0,78673.0
"Monroe, LA",37819.0,34036.0,34809.0,37536.0,41175.0,36346.0,38004.0,39610.0,44353.0,40136.0,45001.0,44507.0,50286.0,56468.0
"Monroe, MI",50034.0,53744.0,50675.0,53561.0,57275.0,54396.0,60799.0,59290.0,61916.0,62839.0,65512.0,69563.0,71506.0,75766.0
"Montgomery, AL",45513.0,45707.0,44674.0,45859.0,47159.0,45636.0,47265.0,49123.0,51943.0,53834.0,52677.0,60677.0,62362.0,66706.0
"Morehead City, NC",40614.0,44429.0,49853.0,45231.0,48881.0,51048.0,51206.0,52807.0,54833.0,60186.0,62907.0,66799.0,78256.0,76748.0
"Morgantown, WV",43470.0,43722.0,40177.0,47051.0,41924.0,45941.0,50120.0,49475.0,50574.0,56395.0,58274.0,56132.0,59045.0,67242.0
"Morristown, TN",37065.0,35027.0,38137.0,40957.0,38542.0,40041.0,44348.0,44840.0,47439.0,47326.0,43213.0,59099.0,58401.0,62456.0
"Moses Lake, WA",42337.0,43076.0,46295.0,46728.0,51949.0,51667.0,48335.0,58644.0,53057.0,56997.0,62227.0,63819.0,75586.0,73085.0
"Mount Airy, NC",35928.0,32310.0,36131.0,35579.0,36511.0,37337.0,36802.0,42438.0,48398.0,49250.0,51950.0,44485.0,58291.0,53456.0
"Mount Vernon, WA",55458.0,52519.0,53400.0,52448.0,50558.0,57122.0,60983.0,66066.0,73206.0,67175.0,72648.0,79001.0,91234.0,91204.0
"Muncie, IN",35902.0,36811.0,37032.0,36402.0,39323.0,40606.0,41041.0,41255.0,41662.0,45065.0,50497.0,54087.0,55206.0,54232.0
"Muskegon, MI",38621.0,37626.0,40535.0,41630.0,42600.0,47453.0,44264.0,49229.0,50080.0,50366.0,55462.0,58074.0,61189.0,60829.0
"Muskogee, OK",39910.0,34440.0,37233.0,39130.0,42756.0,41016.0,40860.0,36342.0,45290.0,42450.0,43437.0,54070.0,52484.0,55593.0
"Myrtle Beach, SC",41568.0,38775.0,40353.0,43540.0,43993.0,47379.0,46787.0,48727.0,51580.0,56977.0,59073.0,64741.0,68988.0,68534.0
"Napa, CA",64401.0,61460.0,68553.0,70914.0,74123.0,75513.0,75077.0,86562.0,87025.0,92769.0,97213.0,100318.0,104686.0,122754.0
"Naples, FL",52730.0,50564.0,54126.0,54406.0,58026.0,62126.0,61228.0,66048.0,69867.0,76025.0,74215.0,80815.0,90072.0,95862.0
"Nashville, TN",47975.0,49992.0,51500.0,51996.0,52640.0,57985.0,60030.0,63939.0,65919.0,70262.0,72725.0,80034.0,84685.0,88800.0
"New Bern, NC",41059.0,49224.0,45421.0,44560.0,42819.0,45971.0,47710.0,50977.0,48557.0,52355.0,55390.0,62942.0,58567.0,61364.0
"New Haven, CT",57056.0,59245.0,59271.0,58571.0,60391.0,61760.0,66176.0,66863.0,67845.0,69751.0,75295.0,81998.0,80733.0,89645.0
"New Orleans, LA",46134.0,44004.0,44379.0,45981.0,46784.0,48343.0,48804.0,50528.0,50301.0,55710.0,56837.0,61602.0,61000.0,62373.0
"New Philadelphia, OH",38882.0,42082.0,43702.0,44130.0,46253.0,47331.0,50440.0,51386.0,49658.0,53616.0,58060.0,58588.0,60604.0,65805.0
"New York, NY",61927.0,62322.0,63982.0,65786.0,67066.0,68743.0,71897.0,75368.0,78478.0,83160.0,84409.0,91562.0,95220.0,99852.0
"Niles, MI",40329.0,40831.0,43526.0,44747.0,44031.0,46649.0,47083.0,48629.0,51262.0,50153.0,57535.0,61333.0,62460.0,68984.0
"North Port, FL",45283.0,45559.0,47813.0,48283.0,52077.0,53698.0,53625.0,56817.0,60921.0,65526.0,70095.0,75631.0,78914.0,82106.0
"North Wilkesboro, NC",31869.0,30181.0,33022.0,31135.0,30743.0,40919.0,41332.0,40995.0,43466.0,43290.0,43933.0,45508.0,47022.0,53189.0
"Norwich, CT",62349.0,64788.0,66603.0,62883.0,66148.0,65764.0,70699.0,71987.0,67197.0,75633.0,78828.0,83819.0,82652.0,89431.0
"Oak Harbor, WA",54839.0,59467.0,57381.0,51893.0,59934.0,60532.0,64813.0,59644.0,64793.0,72066.0,76505.0,81783.0,90308.0,87695.0
"Ocala, FL",37044.0,36255.0,37098.0,38695.0,39958.0,40050.0,39383.0,43910.0,44576.0,49576.0,55161.0,54190.0,58606.0,64410.0
"Odessa, TX",42282.0,49967.0,51946.0,55710.0,58701.0,65454.0,53254.0,55380.0,64165.0,67205.0,57473.0,68071.0,66608.0,78058.0
"Ogden, UT",59171.0,60922.0,61834.0,62785.0,64301.0,65538.0,70227.0,71629.0,76653.0,79251.0,81364.0,92600.0,100461.0,98456.0
"Oklahoma City, OK",46238.0,47023.0,48557.0,50136.0,52416.0,52221.0,55065.0,56260.0,57485.0,60605.0,61815.0,66301.0,69895.0,72930.0
"Olean, NY",41578.0,38932.0,43468.0,40362.0,44320.0,40016.0,46842.0,48484.0,48179.0,50912.0,55153.0,50508.0,54250.0,61327.0
"Olympia, WA",61011.0,60061.0,58239.0,59785.0,61609.0,62137.0,65783.0,71765.0,72703.0,78512.0,81659.0,88853.0,93170.0,98264.0
"Omaha, NE",54060.0,55089.0,54158.0,55382.0,57527.0,61024.0,62247.0,65619.0,66241.0,70373.0,73720.0,79638.0,81376.0,84524.0
"Opelousas, LA",33388.0,34337.0,35765.0,31955.0,27753.0,30286.0,31207.0,34462.0,32867.0,38681.0,38599.0,41976.0,41393.0,47168.0
"Orangeburg, SC",31979.0,31031.0,34185.0,31230.0,28680.0,38596.0,32450.0,35947.0,36536.0,37701.0,34685.0,40016.0,51863.0,53885.0
"Orlando, FL",46478.0,46123.0,46020.0,46962.0,48270.0,51077.0,52385.0,55089.0,58610.0,61876.0,64936.0,71857.0,77378.0,81044.0
"Oshkosh, WI",48177.0,47763.0,51458.0,49776.0,52387.0,52136.0,56754.0,56678.0,56589.0,58347.0,64095.0,69405.0,69957.0,71146.0
"Ottawa, IL",47898.0,48116.0,48860.0,48290.0,51204.0,51496.0,56879.0,56804.0,52572.0,58980.0,63157.0,63508.0,70313.0,73050.0
"Owensboro, KY",41021.0,45529.0,44032.0,46268.0,41827.0,47751.0,52328.0,48550.0,51459.0,52201.0,60189.0,66211.0,61761.0,67068.0
"Oxnard, CA",71864.0,74623.0,71517.0,77363.0,75449.0,80032.0,80135.0,82857.0,84566.0,92236.0,96454.0,102569.0,107667.0,114238.0
"Paducah, KY",41137.0,42306.0,41811.0,41137.0,38484.0,48358.0,40126.0,47598.0,47346.0,48856.0,61870.0,57266.0,61699.0,64271.0
"Palatka, FL",33842.0,30440.0,34025.0,32295.0,30765.0,31483.0,38239.0,33790.0,41608.0,42899.0,33370.0,46161.0,52256.0,51293.0
"Palm Bay, FL",46262.0,46429.0,46162.0,46472.0,47907.0,50416.0,51184.0,52540.0,57888.0,57305.0,65333.0,75320.0,78575.0,78196.0
"Panama City, FL",44881.0,44310.0,46005.0,45620.0,44638.0,48066.0,47548.0,51594.0,51842.0,59450.0,60557.0,66245.0,69690.0,77625.0
"Parkersburg, WV",40352.0,39314.0,42398.0,40945.0,41793.0,40547.0,46594.0,43648.0,44054.0,48680.0,54284.0,55222.0,54906.0,54861.0
"Pensacola, FL",43974.0,45900.0,49917.0,47336.0,50003.0,50560.0,50496.0,53378.0,57998.0,56507.0,64877.0,68034.0,78315.0,74248.0
"Peoria, IL",50983.0,50009.0,53469.0,52614.0,56186.0,56350.0,57090.0,57453.0,58603.0,60372.0,59760.0,68249.0,68504.0,74352.0
"Philadelphia, PA",58095.0,58322.0,60105.0,60482.0,62171.0,65123.0,65996.0,68572.0,70747.0,74533.0,80007.0,84123.0,86867.0,90850.0
"Phoenix, AZ",50385.0,50058.0,51359.0,51847.0,53365.0,55547.0,58075.0,61506.0,64427.0,67896.0,75731.0,82884.0,85700.0,90133.0
"Pine Bluff, AR",33446.0,39004.0,36127.0,34665.0,33838.0,36538.0,37076.0,39914.0,37314.0,41541.0,46826.0,44263.0,47336.0,51523.0
"Pittsburgh, PA",46700.0,48854.0,50489.0,51291.0,52293.0,54080.0,56063.0,58521.0,59710.0,62638.0,66609.0,70607.0,72532.0,77214.0
"Pittsfield, MA",44190.0,42969.0,46509.0,52514.0,50211.0,50765.0,58418.0,57054.0,60476.0,58895.0,60749.0,74176.0,77498.0,77682.0
"Plattsburgh, NY",43600.0,50872.0,52161.0,43892.0,53575.0,45377.0,55316.0,58234.0,56704.0,60198.0,60285.0,66152.0,62717.0,68526.0
"Pocatello, ID",39175.0,40931.0,42409.0,42174.0,44018.0,41530.0,48429.0,51612.0,50748.0,51612.0,60475.0,61566.0,68495.0,69612.0
"Ponce, PR",16745.0,16003.0,16922.0,15550.0,16698.0,15728.0,17533.0,16109.0,17607.0,16061.0,19006.0,18843.0,20978.0,23324.0
"Port Angeles, WA",38841.0,50161.0,42485.0,46566.0,46469.0,44929.0,48587.0,47907.0,59001.0,57126.0,62695.0,66139.0,65990.0,73993.0
"Port St. Lucie, FL",41346.0,44534.0,42316.0,45322.0,47483.0,48002.0,48746.0,51392.0,55714.0,62608.0,63771.0,68460.0,68316.0,80659.0
"Portland, ME",56530.0,55861.0,53701.0,54766.0,59573.0,62074.0,63422.0,68570.0,69980.0,71913.0,78558.0,84312.0,92117.0,93062.0
"Portland, OR",53078.0,54921.0,56978.0,59168.0,60248.0,63850.0,68676.0,71931.0,75599.0,78439.0,83943.0,89312.0,94925.0,98994.0
"Portsmouth, OH",36859.0,29657.0,36874.0,37351.0,38233.0,35833.0,39210.0,43367.0,37257.0,45571.0,40522.0,46606.0,52159.0,54431.0
"Pottsville, PA",40265.0,47437.0,45056.0,41114.0,43044.0,45810.0,50684.0,49559.0,48458.0,56295.0,58614.0,64160.0,64276.0,69320.0
"Providence, RI",51935.0,53553.0,54243.0,55055.0,55836.0,58965.0,61948.0,65226.0,65083.0,70967.0,73788.0,81784.0,83330.0,82870.0
"Provo, UT",54201.0,58398.0,58218.0,60051.0,60890.0,65092.0,69288.0,70196.0,75344.0,79152.0,86629.0,95687.0,100791.0,101014.0
"Pueblo, CO",38326.0,40965.0,41262.0,41218.0,41047.0,40050.0,44677.0,43148.0,48468.0,51276.0,56689.0,58723.0,65161.0,62128.0
"Punta Gorda, FL",42031.0,41190.0,45247.0,43698.0,43039.0,45492.0,44200.0,52070.0,52927.0,54652.0,59285.0,64860.0,71806.0,72868.0
"Quincy, IL",39564.0,42254.0,46077.0,41349.0,45337.0,46854.0,50753.0,48710.0,54948.0,53334.0,57020.0,59825.0,61447.0,68315.0
"Racine, WI",51377.0,52582.0,51904.0,54209.0,54525.0,57232.0,55706.0,60897.0,59759.0,60779.0,68758.0,71788.0,73978.0,77830.0
"Raleigh, NC",57840.0,59197.0,60319.0,61710.0,62313.0,65778.0,71685.0,72576.0,75165.0,80096.0,85303.0,92739.0,96096.0,102144.0
"Rapid City, SD",47074.0,50364.0,50383.0,48641.0,49808.0,52809.0,51097.0,56318.0,59833.0,58361.0,63342.0,67468.0,77164.0,78056.0
"Reading, PA",51759.0,52307.0,52022.0,56043.0,56059.0,56122.0,59286.0,61058.0,62564.0,67708.0,68658.0,72070.0,75675.0,78074.0
"Redding, CA",41023.0,42062.0,45442.0,40332.0,43706.0,46693.0,46724.0,52439.0,56280.0,63091.0,61125.0,68276.0,75949.0,71140.0
"Reno, NV",50699.0,50768.0,49108.0,53948.0,52728.0,56611.0,58056.0,61360.0,63466.0,72132.0,76182.0,80333.0,83759.0,89159.0
"Richmond, IN",36079.0,36358.0,33385.0,34745.0,41204.0,42160.0,43401.0,45017.0,44928.0,47944.0,50138.0,49024.0,51798.0,50363.0
"Richmond, KY",40866.0,37130.0,35206.0,42366.0,42027.0,41899.0,43687.0,49610.0,50333.0,47540.0,51237.0,55171.0,62323.0,60365.0
"Richmond, VA",55325.0,54798.0,56769.0,57286.0,60936.0,60713.0,62929.0,67633.0,67703.0,68324.0,74151.0,81388.0,84332.0,83460.0
"Riverside, CA",53548.0,52042.0,51695.0,53220.0,54586.0,56087.0,58236.0,61994.0,65671.0,70954.0,77018.0,82803.0,87843.0,91013.0
"Roanoke, VA",45569.0,50246.0,46974.0,47890.0,51318.0,50571.0,50551.0,54233.0,55151.0,60471.0,59630.0,64596.0,65537.0,72557.0
"Rochester, MN",59702.0,65564.0,63733.0,62645.0,66214.0,65627.0,70078.0,71985.0,72129.0,75926.0,80434.0,85369.0,85213.0,90584.0
"Rochester, NY",50211.0,50579.0,50701.0,51857.0,51086.0,53667.0,55134.0,56969.0,60190.0,62104.0,66516.0,69580.0,73294.0,76453.0
"Rockford, IL",45457.0,45191.0,50647.0,48027.0,48385.0,51036.0,50324.0,55484.0,55829.0,61078.0,56746.0,65805.0,66960.0,70111.0
"Rocky Mount, NC",38077.0,39765.0,37319.0,36949.0,40407.0,37324.0,38972.0,42784.0,46733.0,46466.0,51769.0,53896.0,61388.0,57802.0
"Rome, GA",36934.0,40963.0,37841.0,37296.0,41752.0,40510.0,49865.0,45854.0,38462.0,50880.0,60825.0,56420.0,62098.0,66459.0
"Roseburg, OR",36510.0,38502.0,39757.0,40605.0,42000.0,41428.0,42889.0,47746.0,47004.0,48585.0,51166.0,54387.0,60889.0,60930.0
"Russellville, AR",38388.0,35879.0,41724.0,37037.0,38363.0,36768.0,39926.0,44839.0,43886.0,44382.0,44410.0,58249.0,56186.0,60358.0
"Sacramento, CA",56233.0,55151.0,56813.0,57027.0,60015.0,62813.0,64052.0,67902.0,73142.0,76706.0,84421.0,89237.0,94992.0,98775.0
"Saginaw, MI",41938.0,40434.0,40318.0,41548.0,44931.0,43383.0,45849.0,45331.0,48990.0,48303.0,50606.0,53646.0,59265.0,61455.0
"Salem, OR",45584.0,45652.0,45656.0,47232.0,49508.0,52448.0,55903.0,56163.0,57091.0,65689.0,65665.0,72150.0,74554.0,82732.0
"Salinas, CA",54534.0,53179.0,58109.0,57052.0,57864.0,60494.0,63876.0,71274.0,70681.0,77514.0,82163.0,92840.0,88035.0,93290.0
"Salisbury, MD",47128.0,44793.0,49357.0,50009.0,54128.0,54233.0,54738.0,59273.0,59214.0,61283.0,68470.0,77655.0,70528.0,70389.0
"Salt Lake City, UT",57419.0,57005.0,60061.0,61520.0,62642.0,65792.0,68196.0,71510.0,73730.0,80196.0,81307.0,91891.0,94409.0,100548.0
"San Angelo, TX",38234.0,43165.0,44910.0,46010.0,45284.0,48441.0,49096.0,50894.0,51851.0,55097.0,61302.0,59924.0,56569.0,69726.0
"San Antonio, TX",50225.0,48699.0,51486.0,51716.0,52689.0,55083.0,56105.0,56774.0,57379.0,62355.0,66775.0,70538.0,73195.0,78112.0
"San Diego, CA",59923.0,59477.0,60330.0,61426.0,66192.0,67320.0,70824.0,76207.0,79079.0,83985.0,91003.0,98928.0,103674.0,109132.0
"San Francisco, CA",73027.0,71975.0,74922.0,79624.0,83222.0,88518.0,96677.0,101714.0,107898.0,114696.0,116005.0,128151.0,127792.0,135590.0
"San Jose, CA",83944.0,84012.0,90737.0,91533.0,96481.0,101980.0,110040.0,117474.0,124696.0,130865.0,139892.0,148900.0,153202.0,164801.0
"San Juan, PR",20897.0,20776.0,21299.0,21574.0,21295.0,21059.0,22455.0,21560.0,22757.0,23137.0,25042.0,26190.0,27981.0,30640.0
"San Luis Obispo, CA",53978.0,54195.0,60264.0,58158.0,63474.0,62648.0,70564.0,71880.0,71148.0,77265.0,80615.0,90216.0,90670.0,100724.0
"Sandusky, OH",42246.0,46949.0,44694.0,46073.0,48734.0,47544.0,48949.0,54958.0,49751.0,60653.0,58403.0,69296.0,65177.0,74627.0
"Santa Cruz, CA",61071.0,62513.0,67769.0,68438.0,65368.0,65139.0,77613.0,79705.0,86941.0,89269.0,93933.0,102146.0,105631.0,107893.0
"Santa Fe, NM",47080.0,49959.0,50720.0,51833.0,52809.0,55676.0,57863.0,58821.0,60193.0,61298.0,67341.0,72544.0,78731.0,88719.0
"Santa Rosa, CA",59055.0,61020.0,59941.0,61029.0,67771.0,66674.0,73929.0,80409.0,81395.0,87828.0,94295.0,96830.0,100707.0,107274.0
"Savannah, GA",46755.0,46785.0,47059.0,48958.0,51809.0,51390.0,56535.0,56610.0,58178.0,60371.0,66245.0,72098.0,75196.0,80518.0
"Scranton, PA",42368.0,43901.0,42883.0,45333.0,45257.0,49670.0,47422.0,50891.0,54115.0,54304.0,61174.0,60537.0,58834.0,68079.0
"Searcy, AR",38326.0,44626.0,38853.0,43643.0,39340.0,38986.0,42844.0,42443.0,42270.0,43399.0,51402.0,57015.0,53688.0,52537.0
"Seattle, WA",63088.0,64085.0,65677.0,67479.0,71273.0,75331.0,78612.0,82133.0,87910.0,94027.0,101721.0,106909.0,110744.0,112388.0
"Sebastian, FL",47335.0,39767.0,40413.0,42401.0,46238.0,49379.0,49072.0,49177.0,57508.0,59782.0,58972.0,67407.0,72920.0,79849.0
"Sebring, FL",34561.0,33652.0,34733.0,33811.0,36120.0,34242.0,36490.0,35543.0,39796.0,48698.0,48564.0,52799.0,51165.0,57580.0
"Seneca, SC",42848.0,41153.0,37383.0,40565.0,35159.0,43266.0,43743.0,50192.0,47132.0,48204.0,50393.0,55195.0,67124.0,66492.0
"Sevierville, TN",40402.0,42066.0,43292.0,40715.0,39175.0,42107.0,45609.0,49963.0,47411.0,57741.0,50239.0,59315.0,59665.0,61683.0
"Shawnee, OK",36795.0,42272.0,42440.0,45012.0,46839.0,43317.0,41716.0,48744.0,48776.0,53511.0,51451.0,50583.0,56579.0,61352.0
"Sheboygan, WI",49440.0,50935.0,51899.0,50678.0,54042.0,57047.0,54059.0,58361.0,60896.0,60706.0,62188.0,62978.0,72902.0,71992.0
"Shelby, NC",38282.0,35753.0,35547.0,40581.0,37433.0,38885.0,36992.0,37205.0,40690.0,44987.0,47150.0,51470.0,62186.0,60966.0
"Sherman, TX",45577.0,44574.0,47475.0,44378.0,52058.0,48126.0,52095.0,56718.0,51158.0,57476.0,62919.0,66106.0,69019.0,72260.0
"Show Low, AZ",40623.0,30937.0,34298.0,38400.0,34600.0,37833.0,36998.0,41295.0,40463.0,38897.0,49449.0,49487.0,50754.0,52393.0
"Shreveport, LA",40762.0,43634.0,44118.0,41583.0,42157.0,43292.0,40445.0,38627.0,41969.0,47447.0,48164.0,52775.0,54904.0,57514.0
"Sierra Vista, AZ",45213.0,40903.0,43252.0,46647.0,45688.0,43291.0,45508.0,51816.0,50495.0,48484.0,56600.0,55031.0,52025.0,60723.0
"Sioux City, IA",44038.0,46431.0,44879.0,47270.0,49981.0,52698.0,56687.0,57207.0,61576.0,60132.0,64232.0,66935.0,70718.0,80163.0
"Sioux Falls, SD",52050.0,55609.0,51745.0,55952.0,58849.0,59844.0,63931.0,64882.0,61196.0,65566.0,75946.0,77605.0,76226.0,82509.0
"Somerset, PA",39978.0,38658.0,46263.0,43429.0,46217.0,43660.0,43871.0,48846.0,50988.0,48895.0,54352.0,48438.0,60515.0,63164.0
"South Bend, IN",41991.0,43880.0,44769.0,40784.0,46610.0,47207.0,49117.0,51880.0,54715.0,53471.0,59416.0,60772.0,65834.0,63894.0
"Spartanburg, SC",41850.0,40167.0,40879.0,41062.0,43161.0,44028.0,46554.0,50074.0,51853.0,55339.0,60472.0,57755.0,61196.0,68505.0
"Spokane, WA",47039.0,49078.0,47624.0,47485.0,49320.0,47548.0,52955.0,53321.0,58546.0,59646.0,65283.0,68829.0,72819.0,84350.0
"Springfield, IL",50423.0,51280.0,55621.0,55366.0,55021.0,57824.0,53798.0,61573.0,63521.0,62205.0,68796.0,73918.0,72201.0,80190.0
"Springfield, MA",49209.0,50229.0,51531.0,52397.0,50916.0,53393.0,54855.0,55379.0,57857.0,62346.0,65520.0,68400.0,66997.0,71402.0
"Springfield, MO",40084.0,41439.0,42263.0,41034.0,41248.0,44786.0,45337.0,48151.0,46905.0,47034.0,56896.0,57822.0,62921.0,67219.0
"Springfield, OH",39580.0,41292.0,39178.0,43742.0,41729.0,47963.0,46811.0,46665.0,49875.0,50128.0,59431.0,56132.0,57910.0,64897.0
"St. Cloud, MN",50085.0,51848.0,54573.0,55513.0,55390.0,54157.0,56620.0,61943.0,60759.0,66076.0,65641.0,71370.0,73963.0,75688.0
"St. George, UT",49058.0,45854.0,43837.0,51063.0,49981.0,54913.0,55056.0,54842.0,56333.0,63595.0,61186.0,74543.0,77480.0,86983.0
"St. Joseph, MO",43178.0,44416.0,43784.0,45024.0,47402.0,49263.0,49211.0,47309.0,53321.0,50425.0,54702.0,60582.0,62682.0,66180.0
"St. Louis, MO",50912.0,51164.0,52243.0,54449.0,55535.0,56483.0,59780.0,61571.0,62790.0,66417.0,70189.0,74531.0,78224.0,81679.0
"State College, PA",44746.0,46988.0,50809.0,53207.0,51367.0,56337.0,60266.0,55895.0,57333.0,60706.0,66789.0,66602.0,69101.0,77110.0
"Statesboro, GA",29170.0,32251.0,35856.0,36153.0,32841.0,33477.0,43982.0,42138.0,44179.0,50436.0,57656.0,47297.0,53297.0,54066.0
"Staunton, VA",46292.0,44358.0,45943.0,49767.0,52603.0,49834.0,51147.0,54249.0,52625.0,57844.0,60488.0,73924.0,63275.0,73653.0
"Stevens Point, WI",48620.0,49680.0,45215.0,49872.0,51399.0,57244.0,53655.0,52247.0,57452.0,56358.0,65928.0,70061.0,69391.0,72996.0
"Stillwater, OK",35488.0,35181.0,35831.0,36087.0,38642.0,39840.0,35927.0,36914.0,48031.0,41272.0,49348.0,45684.0,56371.0,52099.0
"Stockton, CA",50011.0,50853.0,50722.0,51432.0,51659.0,53705.0,59518.0,61164.0,64119.0,68997.0,80681.0,86056.0,87418.0,93038.0
"Sumter, SC",36457.0,42009.0,39667.0,39780.0,36633.0,41169.0,40614.0,45585.0,45994.0,49263.0,43210.0,55695.0,55982.0,56824.0
"Sunbury, PA",35394.0,39822.0,40948.0,41011.0,39778.0,44989.0,47736.0,44895.0,47160.0,47349.0,50751.0,58987.0,60444.0,64268.0
"Syracuse, NY",49694.0,51391.0,51259.0,51496.0,51915.0,56371.0,56702.0,56780.0,58715.0,61213.0,64296.0,68304.0,73268.0,76313.0
"Talladega, AL",34488.0,30367.0,31547.0,37810.0,39107.0,33443.0,38098.0,40621.0,42026.0,50147.0,45063.0,56876.0,61514.0,52562.0
"Tallahassee, FL",41511.0,43950.0,44715.0,44420.0,44242.0,44295.0,50654.0,50825.0,50682.0,52729.0,58945.0,58018.0,63993.0,65009.0
"Tampa, FL",43547.0,43832.0,44402.0,45880.0,46876.0,48911.0,51115.0,52212.0,54912.0,57906.0,62951.0,69290.0,72743.0,78275.0
"Terre Haute, IN",41200.0,43378.0,41039.0,40629.0,41953.0,40974.0,46951.0,43843.0,50256.0,50129.0,50440.0,54760.0,50992.0,59209.0
"Toledo, OH",41583.0,42067.0,43334.0,42792.0,45603.0,47093.0,48822.0,50389.0,51321.0,53563.0,58191.0,61012.0,63074.0,66095.0
"Topeka, KS",45360.0,46469.0,48464.0,50369.0,54388.0,51674.0,56548.0,56834.0,54618.0,59567.0,57474.0,62446.0,65301.0,74389.0
"Torrington, CT",66307.0,69097.0,67658.0,70981.0,73756.0,70667.0,76993.0,78436.0,76043.0,81195.0,84978.0,88542.0,91020.0,95031.0
"Traverse City, MI",46807.0,45627.0,49431.0,49270.0,54856.0,53226.0,56196.0,57184.0,62207.0,61637.0,67346.0,72262.0,78073.0,82805.0
"Trenton, NJ",70956.0,73890.0,67991.0,70857.0,74961.0,72417.0,77650.0,79173.0,80632.0,79492.0,87662.0,95668.0,96152.0,104148.0
"Truckee, CA",54456.0,54080.0,53768.0,54851.0,56917.0,54177.0,59022.0,65385.0,66299.0,68818.0,79519.0,78401.0,87998.0,103703.0
"Tucson, AZ",44274.0,44112.0,44762.0,43824.0,45856.0,47099.0,47560.0,51425.0,53464.0,56169.0,60667.0,64014.0,69758.0,72067.0
"Tullahoma, TN",37439.0,34874.0,40550.0,42304.0,44819.0,45964.0,48449.0,48256.0,49370.0,57642.0,55306.0,57681.0,64324.0,68433.0
"Tulsa, OK",44519.0,46093.0,47969.0,48327.0,50740.0,51352.0,51623.0,52275.0,55633.0,57859.0,59696.0,63396.0,65561.0,69658.0
"Tupelo, MS",38154.0,39381.0,39144.0,41990.0,41319.0,36999.0,40384.0,51342.0,49206.0,48831.0,56354.0,52755.0,62004.0,52405.0
"Tuscaloosa, AL",41047.0,40465.0,38749.0,44895.0,44143.0,46470.0,46086.0,51164.0,50939.0,49721.0,53998.0,58620.0,58193.0,62280.0
"Twin Falls, ID",41505.0,40498.0,41383.0,44424.0,44625.0,45640.0,50924.0,51460.0,52292.0,56667.0,55519.0,62921.0,66078.0,76404.0
"Tyler, TX",43209.0,43814.0,46286.0,47745.0,43958.0,49060.0,52572.0,54339.0,58226.0,59584.0,63115.0,68192.0,72313.0,76087.0
"Ukiah, CA",40536.0,42431.0,41369.0,42042.0,42660.0,41896.0,43809.0,53024.0,51830.0,51744.0,59444.0,65520.0,67454.0,69264.0
"Utica, NY",46625.0,45111.0,46633.0,43396.0,47736.0,48935.0,52534.0,52214.0,55286.0,57778.0,60313.0,64203.0,61799.0,71584.0
"Valdosta, GA",36028.0,32446.0,36456.0,35104.0,36340.0,36740.0,39734.0,40391.0,35186.0,43787.0,42233.0,51926.0,54924.0,59180.0
"Vallejo, CA",63384.0,63795.0,62066.0,63520.0,67999.0,67443.0,73900.0,77133.0,84395.0,86652.0,87770.0,92959.0,100027.0,94930.0
"Victoria, TX",45802.0,44794.0,50122.0,52111.0,50107.0,56073.0,55228.0,51923.0,51683.0,56627.0,54333.0,70206.0,69490.0,65829.0
"Vineland, NJ",51619.0,51548.0,47072.0,45978.0,45339.0,51315.0,49110.0,52627.0,52795.0,54587.0,58389.0,60755.0,64908.0,68067.0
"Virginia Beach, VA",57315.0,57356.0,55997.0,56161.0,58871.0,60093.0,61805.0,64255.0,65604.0,69329.0,72686.0,74556.0,79325.0,82402.0
"Visalia, CA",43397.0,41167.0,40302.0,39422.0,42611.0,42413.0,45881.0,46266.0,48817.0,57692.0,58209.0,64722.0,73097.0,69880.0
"Waco, TX",39143.0,40484.0,40658.0,40170.0,43184.0,46307.0,46590.0,45961.0,47328.0,50368.0,60070.0,63501.0,62743.0,67792.0
"Warner Robins, GA",58401.0,51021.0,54457.0,48553.0,46773.0,51954.0,59409.0,54802.0,54024.0,61936.0,70552.0,70565.0,75680.0,78028.0
"Warsaw, IN",47308.0,50803.0,49301.0,51221.0,53825.0,52888.0,53963.0,63463.0,55253.0,64099.0,65540.0,68778.0,70140.0,76695.0
"Washington, DC",84523.0,86680.0,88233.0,90149.0,91193.0,93294.0,95843.0,99669.0,102180.0,105659.0,110355.0,117432.0,121469.0,126244.0
"Waterloo, IA",45811.0,44416.0,50729.0,49050.0,52991.0,52255.0,53877.0,52318.0,56245.0,63131.0,61833.0,65061.0,62381.0,72382.0
"Watertown, NY",43557.0,45500.0,46558.0,46683.0,51086.0,51107.0,45624.0,47101.0,53146.0,53917.0,60398.0,56423.0,61512.0,70624.0
"Watertown, WI",49611.0,53217.0,53675.0,51235.0,55675.0,62399.0,58703.0,56675.0,65651.0,71708.0,68319.0,78628.0,82864.0,84139.0
"Wausau, WI",49356.0,51678.0,52419.0,51635.0,53300.0,55687.0,54774.0,58173.0,62890.0,65094.0,71486.0,67462.0,74141.0,78721.0
"Wenatchee, WA",47839.0,50075.0,47251.0,51177.0,50986.0,56319.0,52231.0,58990.0,61714.0,60532.0,65006.0,87459.0,73601.0,79977.0
"Wheeling, WV",38415.0,40081.0,41677.0,40289.0,40929.0,47726.0,44131.0,49343.0,49749.0,50440.0,52728.0,56218.0,59180.0,55531.0
"Whitewater, WI",53388.0,52250.0,48940.0,52057.0,52277.0,58537.0,58302.0,60178.0,63800.0,63549.0,69996.0,72713.0,75229.0,82147.0
"Wichita Falls, TX",39633.0,44118.0,46653.0,44702.0,43804.0,45641.0,44951.0,45267.0,50309.0,52233.0,55107.0,59256.0,63502.0,66981.0
"Wichita, KS",46131.0,49799.0,48509.0,49476.0,52231.0,51591.0,53663.0,54432.0,56909.0,59779.0,61131.0,67012.0,67434.0,71810.0
"Williamsport, PA",41037.0,42391.0,45710.0,47373.0,45161.0,51455.0,49052.0,50909.0,55045.0,53881.0,60494.0,62516.0,62135.0,60403.0
"Wilmington, NC",44825.0,43260.0,49999.0,47594.0,48469.0,52655.0,50155.0,52416.0,52756.0,57667.0,66939.0,72339.0,76904.0,78890.0
"Wilson, NC",34883.0,36508.0,37020.0,41095.0,38774.0,41204.0,39036.0,45960.0,42769.0,38830.0,47201.0,50267.0,51247.0,64769.0
"Winchester, VA",46626.0,50772.0,47850.0,55045.0,52568.0,60752.0,60962.0,65334.0,65170.0,76583.0,72798.0,82028.0,81272.0,81443.0
"Winston, NC",42644.0,42381.0,42254.0,42563.0,43665.0,45098.0,47711.0,49162.0,48699.0,52322.0,57392.0,61556.0,64406.0,65903.0
"Wooster, OH",46288.0,46827.0,47946.0,49849.0,49988.0,52760.0,53434.0,55899.0,59111.0,57458.0,59666.0,69876.0,69101.0,68401.0
"Worcester, MA",61212.0,60493.0,62505.0,61789.0,64556.0,65427.0,67763.0,69412.0,70869.0,76348.0,83195.0,83891.0,94099.0,96602.0
"Yakima, WA",40648.0,42173.0,43942.0,41917.0,44648.0,47223.0,48965.0,47402.0,51555.0,56233.0,61012.0,63865.0,69525.0,75399.0
"York, PA",56368.0,55551.0,55648.0,57065.0,58587.0,58409.0,62462.0,63519.0,65239.0,69172.0,72949.0,80130.0,81362.0,81453.0
"Youngstown, OH",39240.0,40599.0,40686.0,41992.0,42228.0,43127.0,44981.0,45382.0,47476.0,48558.0,51194.0,54506.0,51350.0,57812.0
"Yuba City, CA",46314.0,46509.0,45646.0,46773.0,48115.0,51185.0,50775.0,58727.0,54745.0,61307.0,63678.0,65034.0,77335.0,81094.0
"Yuma, AZ",42240.0,38390.0,39485.0,41666.0,40008.0,40539.0,43518.0,46798.0,43403.0,46419.0,57304.0,53994.0,62888.0,66844.0
"Zanesville, OH",40894.0,38259.0,39266.0,39212.0,41230.0,42815.0,43422.0,43113.0,49602.0,51844.0,51173.0,58326.0,56654.0,61026.0
"Alamogordo, NM",0.0,35308.0,40583.0,44102.0,42603.0,36142.0,43646.0,43887.0,42591.0,39371.0,51214.0,54093.0,50762.0,56354.0
"Albemarle, NC",0.0,0.0,0.0,0.0,0.0,0.0,0.0,0.0,0.0,0.0,0.0,0.0,65456.0,59681.0
"Allegan, MI",44847.0,50508.0,50078.0,0.0,0.0,0.0,0.0,0.0,0.0,0.0,0.0,0.0,0.0,0.0
"Amherst Town, MA",0.0,0.0,0.0,0.0,0.0,0.0,0.0,0.0,0.0,0.0,0.0,0.0,79969.0,81732.0
"Anderson Creek, NC",0.0,0.0,0.0,0.0,0.0,0.0,0.0,0.0,0.0,0.0,0.0,0.0,70664.0,73391.0
"Anderson, IN",38772.0,42129.0,42933.0,0.0,0.0,0.0,0.0,0.0,0.0,0.0,0.0,0.0,0.0,0.0
"Anderson, SC",36770.0,40943.0,39232.0,0.0,0.0,0.0,0.0,0.0,0.0,0.0,0.0,0.0,0.0,0.0
"Arecibo, PR",0.0,0.0,0.0,17833.0,16244.0,15750.0,18428.0,16624.0,17347.0,19163.0,20297.0,25865.0,27118.0,23466.0
"Ashtabula, OH",38751.0,38204.0,36015.0,40839.0,39079.0,44511.0,42965.0,44173.0,46349.0,44580.0,46771.0,51737.0,0.0,0.0
"Athens, OH",0.0,0.0,0.0,0.0,0.0,36511.0,36193.0,44247.0,36944.0,41851.0,0.0,0.0,0.0,0.0
"Athens, TN",0.0,0.0,0.0,0.0,0.0,0.0,0.0,0.0,0.0,0.0,0.0,0.0,51810.0,60717.0
"Baraboo, WI",0.0,0.0,0.0,0.0,0.0,0.0,0.0,0.0,0.0,0.0,70914.0,69475.0,80070.0,76642.0
"Branson, MO",35897.0,37299.0,37558.0,35444.0,37821.0,41714.0,40633.0,45955.0,41913.0,0.0,0.0,0.0,0.0,0.0
"Brigham City, UT",0.0,0.0,0.0,0.0,0.0,0.0,0.0,0.0,0.0,0.0,0.0,0.0,80966.0,95901.0
"California, MD",88444.0,81657.0,86358.0,78233.0,86417.0,85163.0,78195.0,81495.0,92250.0,87947.0,108397.0,113717.0,116297.0,122406.0
"Carbondale, IL",43709.0,40439.0,40658.0,38903.0,41174.0,42284.0,41603.0,43892.0,42716.0,46882.0,50953.0,55289.0,60135.0,68415.0
"Cedar City, UT",0.0,0.0,0.0,0.0,0.0,0.0,0.0,0.0,0.0,0.0,0.0,0.0,0.0,75632.0
"Charleston, IL",0.0,43135.0,33319.0,37756.0,39397.0,42623.0,40329.0,0.0,0.0,0.0,0.0,0.0,0.0,0.0
"Claremont, NH",50134.0,50871.0,51723.0,54432.0,55726.0,55882.0,59132.0,60948.0,61558.0,61321.0,72588.0,78347.0,78937.0,84086.0
"Clovis, NM",0.0,0.0,0.0,0.0,0.0,0.0,0.0,0.0,0.0,0.0,0.0,0.0,52968.0,55418.0
"Coamo, PR",15902.0,13443.0,17970.0,0.0,0.0,0.0,0.0,0.0,0.0,0.0,0.0,0.0,0.0,0.0
"Columbia, TN",45435.0,40518.0,41953.0,0.0,0.0,0.0,0.0,0.0,0.0,0.0,0.0,0.0,0.0,0.0
"Columbus, MS",0.0,0.0,0.0,0.0,0.0,0.0,0.0,0.0,0.0,0.0,0.0,0.0,0.0,52139.0
"Coos Bay, OR",35955.0,36712.0,35016.0,37522.0,40967.0,38351.0,40938.0,41212.0,50323.0,50527.0,0.0,0.0,0.0,0.0
"Corbin, KY",0.0,0.0,0.0,0.0,0.0,0.0,0.0,0.0,0.0,0.0,0.0,0.0,43161.0,48179.0
"Crossville, TN",0.0,0.0,0.0,0.0,0.0,0.0,0.0,0.0,0.0,0.0,0.0,0.0,0.0,63461.0
"Dublin, GA",0.0,0.0,0.0,0.0,0.0,0.0,0.0,0.0,0.0,39625.0,0.0,45489.0,0.0,0.0
"Dunn, NC",39584.0,39513.0,45655.0,45533.0,44880.0,48960.0,51637.0,51479.0,51022.0,0.0,0.0,0.0,0.0,0.0
"Eagle Pass, TX",0.0,0.0,0.0,0.0,0.0,0.0,0.0,0.0,0.0,0.0,0.0,0.0,46657.0,52647.0
"East Liverpool, OH",35909.0,43975.0,44210.0,42100.0,42640.0,41887.0,47864.0,41818.0,43745.0,53542.0,49265.0,53095.0,53455.0,58360.0
"Elizabeth City, NC",0.0,0.0,45779.0,44473.0,46866.0,44807.0,49781.0,46153.0,50391.0,0.0,0.0,0.0,0.0,0.0
"Enid, OK",0.0,0.0,0.0,0.0,0.0,0.0,50288.0,47915.0,53946.0,64929.0,60721.0,55131.0,63161.0,67004.0
"Enterprise, AL",40886.0,41909.0,43128.0,0.0,0.0,0.0,0.0,0.0,0.0,0.0,0.0,0.0,0.0,0.0
"Fajardo, PR",18966.0,18186.0,21978.0,0.0,0.0,0.0,0.0,0.0,0.0,0.0,0.0,0.0,0.0,0.0
"Faribault, MN",0.0,0.0,0.0,58584.0,60527.0,57323.0,69135.0,64014.0,65839.0,72469.0,67267.0,76319.0,81455.0,82002.0
"Forest City, NC",35442.0,35786.0,32836.0,34993.0,34347.0,35594.0,36121.0,40570.0,43111.0,44361.0,0.0,0.0,47557.0,56832.0
"Fort Payne, AL",35967.0,36541.0,38445.0,0.0,0.0,0.0,35963.0,39373.0,36998.0,44208.0,41800.0,49663.0,43509.0,52763.0
"Galesburg, IL",39110.0,40409.0,40435.0,0.0,0.0,0.0,0.0,0.0,0.0,0.0,0.0,0.0,0.0,0.0
"Glenwood Springs, CO",0.0,0.0,0.0,56652.0,62927.0,64945.0,70234.0,68406.0,76184.0,78010.0,86772.0,88216.0,0.0,0.0
"Granbury, TX",0.0,0.0,0.0,0.0,0.0,0.0,0.0,0.0,0.0,0.0,0.0,69462.0,80682.0,87411.0
"Greenfield Town, MA",0.0,0.0,0.0,52339.0,55572.0,58613.0,57106.0,58824.0,59248.0,0.0,0.0,0.0,71296.0,74547.0
"Heber, UT",0.0,0.0,0.0,0.0,0.0,0.0,0.0,0.0,0.0,99265.0,115188.0,117919.0,134986.0,126798.0
"Hermiston, OR",43784.0,42775.0,49483.0,49690.0,44715.0,49973.0,50037.0,51705.0,56211.0,60870.0,59608.0,75526.0,62766.0,68726.0
"Hermitage, PA",0.0,0.0,0.0,0.0,0.0,0.0,0.0,0.0,0.0,0.0,0.0,0.0,61669.0,60030.0
"Hobbs, NM",0.0,50758.0,51504.0,56191.0,61351.0,56260.0,55636.0,55952.0,50871.0,68457.0,50725.0,58150.0,55736.0,80482.0
"Honolulu, HI",68537.0,66146.0,71404.0,73388.0,74634.0,77273.0,80513.0,81284.0,84423.0,87470.0,90704.0,96580.0,103131.0,105205.0
"Hutchinson, KS",41946.0,41644.0,42739.0,44077.0,47359.0,47376.0,45249.0,48415.0,48837.0,53584.0,0.0,0.0,0.0,0.0
"Jefferson, GA",0.0,0.0,0.0,0.0,0.0,0.0,0.0,66557.0,73150.0,65063.0,72116.0,83843.0,84749.0,94485.0
"Kenosha, WI",0.0,0.0,0.0,0.0,0.0,0.0,0.0,0.0,0.0,0.0,0.0,0.0,74886.0,83529.0
"Kiryas Joel, NY",67269.0,66734.0,66612.0,0.0,0.0,0.0,0.0,0.0,0.0,85152.0,89033.0,89826.0,95839.0,95125.0
"Laconia, NH",0.0,0.0,0.0,0.0,0.0,0.0,0.0,0.0,0.0,0.0,0.0,0.0,97692.0,91559.0
"Lancaster, SC",35634.0,40232.0,44959.0,0.0,0.0,0.0,0.0,0.0,0.0,0.0,0.0,0.0,0.0,0.0
"Lincolnton, NC",42456.0,52147.0,46098.0,0.0,0.0,0.0,0.0,0.0,0.0,0.0,0.0,0.0,0.0,0.0
"London, KY",0.0,0.0,0.0,32644.0,30360.0,35693.0,32935.0,33772.0,38753.0,37029.0,40951.0,45943.0,0.0,0.0
"Madera, CA",48268.0,46570.0,42039.0,39758.0,42433.0,47150.0,51657.0,51283.0,56305.0,64827.0,63454.0,76920.0,0.0,0.0
"Marion, OH",38824.0,41133.0,43004.0,41849.0,39233.0,40607.0,42826.0,44766.0,43008.0,50608.0,48919.0,56707.0,0.0,0.0
"Marshall, TX",47801.0,44334.0,43131.0,39701.0,49490.0,42958.0,46548.0,53394.0,50561.0,0.0,0.0,0.0,0.0,0.0
"Marshfield, WI",43319.0,45891.0,44568.0,47726.0,50831.0,50796.0,51887.0,52110.0,55273.0,56278.0,52627.0,63643.0,66461.0,64400.0
"Martinsville, VA",31492.0,30859.0,32196.0,35907.0,31423.0,35290.0,35018.0,41050.0,30040.0,38105.0,0.0,0.0,0.0,0.0
"Massena, NY",40163.0,43578.0,42010.0,45157.0,43758.0,42144.0,51592.0,50325.0,49681.0,52108.0,55775.0,59683.0,56872.0,62330.0
"Mayag?ez, PR",15864.0,15447.0,0.0,0.0,0.0,0.0,0.0,0.0,0.0,0.0,0.0,0.0,0.0,0.0
"Mayagez, PR",0.0,0.0,16899.0,16095.0,14637.0,14176.0,15500.0,15575.0,12913.0,15746.0,16618.0,20119.0,20939.0,21554.0
"Monticello, NY",0.0,0.0,0.0,0.0,0.0,0.0,0.0,0.0,0.0,0.0,0.0,0.0,69453.0,66352.0
"Mount Pleasant, MI",31014.0,37319.0,35593.0,37488.0,41931.0,40838.0,41868.0,44100.0,46198.0,45201.0,0.0,0.0,0.0,55426.0
"Murrells Inlet, SC",0.0,0.0,0.0,0.0,0.0,0.0,0.0,0.0,0.0,0.0,0.0,0.0,71313.0,64921.0
"Nacogdoches, TX",0.0,39110.0,32555.0,35587.0,39326.0,39865.0,35562.0,47589.0,46459.0,47572.0,0.0,0.0,51718.0,54591.0
"New Castle, PA",38192.0,41606.0,43558.0,43425.0,45356.0,42921.0,46918.0,49967.0,47853.0,50547.0,59536.0,58908.0,0.0,0.0
"New Iberia, LA",41709.0,42488.0,43869.0,0.0,0.0,0.0,0.0,0.0,0.0,0.0,0.0,0.0,53352.0,48688.0
"Ocean City, NJ",53392.0,53256.0,57001.0,60560.0,56899.0,57116.0,62548.0,66953.0,67007.0,69980.0,78657.0,84870.0,0.0,0.0
"Owosso, MI",46528.0,47775.0,41221.0,41892.0,48523.0,51839.0,53244.0,53361.0,54456.0,0.0,0.0,0.0,62093.0,71526.0
"Oxford, MS",0.0,0.0,0.0,0.0,0.0,0.0,0.0,0.0,0.0,0.0,0.0,0.0,70973.0,64676.0
"Palm Coast, FL",43993.0,46232.0,42856.0,0.0,0.0,0.0,0.0,0.0,0.0,0.0,0.0,0.0,0.0,0.0
"Pascagoula, MS",44878.0,46864.0,46130.0,0.0,0.0,0.0,0.0,0.0,0.0,0.0,0.0,0.0,0.0,0.0
"Pikeville, KY",0.0,0.0,0.0,0.0,0.0,0.0,0.0,0.0,0.0,0.0,0.0,0.0,42361.0,44097.0
"Pinehurst, NC",47692.0,45158.0,49763.0,49959.0,51328.0,51547.0,52279.0,64184.0,58531.0,62469.0,67160.0,85382.0,78057.0,85002.0
"Prescott Valley, AZ",40274.0,41719.0,44035.0,39895.0,44255.0,48105.0,50420.0,50041.0,48148.0,53816.0,57230.0,63936.0,67245.0,74788.0
"Putnam, CT",0.0,0.0,0.0,0.0,0.0,0.0,0.0,0.0,0.0,0.0,0.0,0.0,88806.0,97453.0
"Red Bluff, CA",0.0,0.0,0.0,0.0,0.0,0.0,0.0,0.0,0.0,53475.0,48810.0,58884.0,0.0,0.0
"Rexburg, ID",0.0,0.0,0.0,0.0,0.0,0.0,0.0,0.0,0.0,0.0,59729.0,50370.0,59033.0,56390.0
"Rifle, CO",0.0,0.0,0.0,0.0,0.0,0.0,0.0,0.0,0.0,0.0,0.0,0.0,98105.0,91683.0
"Rio Grande City, TX",0.0,0.0,0.0,0.0,0.0,0.0,0.0,0.0,0.0,0.0,33367.0,33871.0,41566.0,32157.0
"Roanoke Rapids, NC",30888.0,30728.0,29930.0,31053.0,30834.0,31115.0,33866.0,33645.0,37027.0,41044.0,35618.0,46830.0,0.0,49275.0
"Roswell, NM",34325.0,36282.0,42382.0,45753.0,39696.0,38044.0,40960.0,44899.0,43941.0,42003.0,0.0,0.0,0.0,0.0
"Salisbury, NC",37360.0,40008.0,40089.0,0.0,0.0,0.0,0.0,0.0,0.0,0.0,0.0,0.0,0.0,0.0
"San Germ?n, PR",14383.0,15743.0,0.0,0.0,0.0,0.0,0.0,0.0,0.0,0.0,0.0,0.0,0.0,0.0
"San Germn, PR",0.0,0.0,15350.0,17645.0,13566.0,14403.0,16077.0,14719.0,16737.0,16491.0,18454.0,21605.0,0.0,0.0
"Sanford, NC",0.0,0.0,0.0,0.0,0.0,0.0,0.0,0.0,0.0,0.0,0.0,56540.0,60140.0,73344.0
"Santa Barbara, CA",56767.0,60505.0,61890.0,62421.0,63833.0,63625.0,67436.0,71106.0,77472.0,75653.0,84846.0,90894.0,91197.0,95637.0
"Seaford, DE",49006.0,53644.0,49471.0,0.0,0.0,0.0,0.0,0.0,0.0,0.0,0.0,0.0,78061.0,85258.0
"Shelton, WA",0.0,0.0,0.0,0.0,0.0,0.0,0.0,0.0,58094.0,63983.0,77070.0,80139.0,74508.0,88999.0
"Slidell, LA",0.0,0.0,0.0,0.0,0.0,0.0,0.0,0.0,0.0,0.0,0.0,0.0,76420.0,82337.0
"Somerset, KY",0.0,0.0,0.0,0.0,0.0,0.0,0.0,0.0,0.0,0.0,44561.0,44649.0,55667.0,56911.0
"Statesville, NC",45714.0,50241.0,49219.0,0.0,0.0,0.0,0.0,0.0,0.0,0.0,0.0,0.0,0.0,0.0
"Steubenville, OH",35666.0,41652.0,38775.0,39277.0,44582.0,43452.0,44733.0,45971.0,43747.0,49510.0,49362.0,58076.0,53422.0,60159.0
"Texarkana, TX",40547.0,41740.0,38556.0,40382.0,40773.0,38814.0,42513.0,47722.0,45212.0,51544.0,50070.0,48230.0,50711.0,58000.0
"The Villages, FL",45026.0,43996.0,45173.0,52891.0,50942.0,51335.0,54562.0,54057.0,53895.0,60287.0,64608.0,73391.0,74715.0,78807.0
"Thomasville, GA",0.0,0.0,0.0,0.0,0.0,0.0,0.0,0.0,0.0,0.0,0.0,0.0,52966.0,57015.0
"Thomasville, NC",39660.0,40281.0,43711.0,0.0,0.0,0.0,0.0,0.0,0.0,0.0,0.0,0.0,0.0,0.0
"Walla Walla, WA",0.0,0.0,0.0,43870.0,50737.0,47283.0,54655.0,54157.0,59704.0,61285.0,65271.0,65300.0,72812.0,72892.0
"Waterbury, CT",0.0,0.0,0.0,0.0,0.0,0.0,0.0,0.0,0.0,0.0,0.0,0.0,81326.0,79889.0
"Willimantic, CT",60026.0,55744.0,54098.0,0.0,0.0,0.0,0.0,0.0,0.0,0.0,0.0,0.0,0.0,0.0
"Yauco, PR",13721.0,14469.0,15561.0,0.0,0.0,0.0,0.0,0.0,0.0,15695.0,17728.0,21469.0,0.0,0.0
